customerFK,recency,frequency,monetary_total,monetary_trend,churn,churn_probability,segment
468,645,2,60.0,0.9999999999666667,1,1.0,3
470,655,2,60.0,0.9999999999666667,1,1.0,3
314,231,2,100.0,0.9999999999800001,1,1.0,3
313,231,2,100.0,0.9999999999800001,1,1.0,3
391,323,2,100.0,0.9999999999800001,1,1.0,3
377,307,2,258.0,0.9999999999922481,1,1.0,1
339,260,2,172.0,0.9999999999883721,1,1.0,1
375,307,2,258.0,0.9999999999922481,1,1.0,1
322,238,2,100.0,0.9999999999800001,1,1.0,3
319,237,2,90.0,0.9999999999777779,1,1.0,3
394,323,2,100.0,0.9999999999800001,1,1.0,3
393,323,2,100.0,0.9999999999800001,1,1.0,3
204,130,2,200.0,0.99999999999,1,1.0,1
209,134,2,170.0,0.9999999999882353,1,1.0,1
196,124,2,200.0,0.99999999999,1,1.0,1
352,275,2,258.0,0.9999999999922481,1,1.0,1
351,274,2,100.0,0.9999999999800001,1,1.0,3
346,266,2,172.0,0.9999999999883721,1,1.0,1
253,168,2,172.0,0.9999999999883721,1,1.0,1
259,174,2,172.0,0.9999999999883721,1,1.0,1
263,178,2,60.0,0.9999999999666667,1,1.0,3
364,291,2,258.0,0.9999999999922481,1,1.0,1
362,290,2,258.0,0.9999999999922481,1,1.0,1
358,278,2,100.0,0.9999999999800001,1,1.0,3
355,277,2,100.0,0.9999999999800001,1,1.0,3
354,277,2,100.0,0.9999999999800001,1,1.0,3
261,178,2,60.0,0.9999999999666667,1,1.0,3
211,134,2,200.0,0.99999999999,1,1.0,1
210,134,2,200.0,0.99999999999,1,1.0,1
281,204,2,172.0,0.9999999999883721,1,1.0,1
294,214,2,60.0,0.9999999999666667,1,1.0,3
248,154,2,200.0,0.99999999999,1,1.0,1
288,205,2,60.0,0.9999999999666667,1,1.0,3
286,205,2,172.0,0.9999999999883721,1,1.0,1
279,203,2,100.0,0.9999999999800001,1,1.0,1
162,734,2,60.0,0.9999999999666667,1,1.0,3
291,211,2,258.0,0.9999999999922481,1,1.0,1
167,91,2,96.0,0.9999999999791668,1,1.0,1
370,304,2,258.0,0.9999999999922481,1,1.0,1
365,301,2,258.0,0.9999999999922481,1,1.0,1
404,323,2,100.0,0.9999999999800001,1,1.0,3
401,323,2,100.0,0.9999999999800001,1,1.0,3
437,349,2,92.0,0.999999999978261,1,1.0,3
438,353,2,60.0,0.9999999999666667,1,1.0,3
439,353,2,60.0,0.9999999999666667,1,1.0,3
440,356,2,96.0,0.9999999999791668,1,1.0,3
447,375,2,60.0,0.9999999999666667,1,1.0,3
457,493,2,60.0,0.9999999999666667,1,1.0,3
464,570,2,60.0,0.9999999999666667,1,1.0,3
448,388,2,56.0,0.9999999999642857,1,1.0,3
228,144,2,200.0,0.99999999999,1,1.0,1
454,463,2,96.0,0.9999999999791668,1,1.0,3
465,571,2,60.0,0.9999999999666667,1,1.0,3
467,605,2,60.0,0.9999999999666667,1,1.0,3
417,324,2,100.0,0.9999999999800001,1,1.0,3
408,323,2,100.0,0.9999999999800001,1,1.0,3
428,332,2,60.0,0.9999999999666667,1,1.0,3
420,324,2,100.0,0.9999999999800001,1,1.0,3
443,371,2,60.0,0.9999999999666667,1,1.0,3
444,373,2,60.0,0.9999999999666667,1,1.0,3
450,405,2,60.0,0.9999999999666667,1,1.0,3
202,129,2,218.0,0.9999999999908257,1,1.0,1
216,135,2,200.0,0.99999999999,1,1.0,1
273,191,2,100.0,0.9999999999800001,1,1.0,1
215,135,2,200.0,0.99999999999,1,1.0,1
369,302,2,184.0,0.9999999999891304,1,0.9959994996247186,1
234,149,2,184.0,0.9999999999891304,1,0.9959994996247186,1
323,239,2,184.0,0.9999999999891304,1,0.9959994996247186,1
385,321,2,184.0,0.9999999999891304,1,0.9959994996247186,1
380,312,2,184.0,0.9999999999891304,1,0.9959994996247186,1
335,254,2,184.0,0.9999999999891304,1,0.9959994996247186,1
382,315,2,184.0,0.9999999999891304,1,0.9959994996247186,1
293,213,2,184.0,0.9999999999891304,1,0.9959994996247186,1
232,146,2,184.0,0.9999999999891304,1,0.9959994996247186,1
297,217,2,184.0,0.9999999999891304,1,0.9959994996247186,1
194,124,2,168.0,0.9999999999880952,1,0.995,1
243,151,2,168.0,0.9999999999880952,1,0.995,1
255,171,2,168.0,0.9999999999880952,1,0.995,1
451,421,2,90.0,0.9999999999777779,1,0.9937995460191318,3
462,547,2,28.0,0.9999999999285715,1,0.9918350605416738,3
471,660,2,68.0,0.9999999999705883,1,0.9914935755159783,3
246,152,3,284.70000000000005,0.9999999999894625,1,0.9907404196948896,2
237,150,3,284.70000000000005,0.9999999999894625,1,0.9907404196948896,2
190,121,3,282.0,0.9999999999893616,1,0.9907146960561897,2
269,185,2,240.0,0.9999999999916667,1,0.9861542484575918,1
305,225,2,240.0,0.9999999999916667,1,0.9861542484575918,1
308,228,2,240.0,0.9999999999916667,1,0.9861542484575918,1
441,361,2,240.0,0.9999999999916667,1,0.9861542484575918,1
67,758,2,38.0,0.9999999999473684,1,0.984693408750583,3
405,323,2,100.0,0.9999999999800001,1,0.9844784590865884,3
396,323,2,100.0,0.9999999999800001,1,0.9844784590865884,3
233,148,2,99.8,0.99999999997996,1,0.983889160649597,1
295,217,2,99.8,0.99999999997996,1,0.983889160649597,1
320,238,3,285.0,0.9999999999894736,1,0.9752993428016968,2
353,275,3,285.0,0.9999999999894736,1,0.9752993428016968,2
225,142,3,285.0,0.9999999999894736,1,0.9752993428016968,2
268,185,3,285.0,0.9999999999894736,1,0.9752993428016968,2
195,124,2,80.0,0.9999999999750001,1,0.9735995641854784,1
349,268,3,300.0,0.99999999999,1,0.9734773149319095,2
212,135,3,300.0,0.99999999999,1,0.9734773149319095,2
386,321,3,300.0,0.99999999999,1,0.9734773149319095,2
251,165,3,300.0,0.99999999999,1,0.9734773149319095,2
418,324,3,300.0,0.99999999999,1,0.9734773149319095,2
289,207,3,300.0,0.99999999999,1,0.9734773149319095,2
185,115,2,40.0,0.99999999995,1,0.9688891644965235,3
469,649,3,87.0,0.9999999999655173,1,0.9660809235308118,3
182,107,4,376.0,0.9999999999893616,1,0.9658112716659345,0
201,129,4,376.0,0.9999999999893616,1,0.9658112716659345,0
301,221,3,300.0,0.99999999999,1,0.9645241202315448,2
47,682,4,72.0,0.9999999999444444,1,0.962173330414286,3
260,176,4,380.0,0.9999999999894736,1,0.9524553403702193,0
425,328,4,396.0,0.999999999989899,1,0.9503263430025474,0
383,317,7,400.0,0.6533333333219,1,0.9499688483061058,0
307,226,4,380.0,0.9999999999894736,1,0.943250195326289,0
312,230,4,380.0,0.9999999999894736,1,0.943250195326289,0
419,324,4,380.0,0.9999999999894736,1,0.943250195326289,0
429,333,4,396.0,0.999999999989899,1,0.9273620070011351,0
430,338,3,270.0,0.9999999999888889,1,0.9271559347451079,2
249,158,3,273.0,0.9999999999890109,1,0.9271559347451079,2
331,253,3,270.0,0.9999999999888889,1,0.9271559347451079,2
250,165,3,309.0,0.9999999999902912,1,0.9197830278511502,2
347,268,3,300.0,0.99999999999,1,0.9127311134772684,2
357,278,3,300.0,0.99999999999,1,0.9127311134772684,2
345,266,3,300.0,0.99999999999,1,0.9127311134772684,2
222,137,3,224.70000000000002,0.9999999999866488,1,0.9085686556533885,2
348,268,5,1335.0,0.9999999999962548,1,0.8995645857004186,0
367,302,3,774.0,0.9999999999961241,1,0.8981252520793374,2
361,288,5,454.70000000000005,0.9335825819118805,1,0.8978870045364622,2
235,149,4,396.0,0.999999999989899,1,0.8969366193587208,0
267,184,4,395.6,0.9999999999898889,1,0.8969366193587208,0
431,338,3,270.0,0.9999999999888889,1,0.8920594724146027,2
239,150,3,270.0,0.9999999999888889,1,0.8920594724146027,2
240,151,4,396.0,0.999999999989899,1,0.8909634950909167,0
309,228,5,1125.0,0.9999999999955556,1,0.8893073900063694,0
275,196,3,300.0,0.99999999999,1,0.8879011906518727,2
219,136,3,300.0,0.99999999999,1,0.8879011906518727,2
272,191,3,300.0,0.99999999999,1,0.8879011906518727,2
337,255,3,480.0,0.9999999999937501,1,0.8852294250447185,2
373,306,3,468.0,0.9999999999935898,1,0.8850138956051574,2
453,457,3,330.0,0.999999999990909,1,0.8832559534582038,2
227,143,3,330.0,0.999999999990909,1,0.8832559534582038,2
206,131,3,300.0,0.99999999999,1,0.8823153135942872,2
188,120,3,264.0,0.9999999999886363,1,0.8810669071053971,2
171,94,3,240.0,0.9999999999875,1,0.8801814272825633,2
184,114,4,380.0,0.9824561403405354,1,0.8747428560058208,1
463,551,5,845.0,0.999999999994083,1,0.8693753162834971,0
230,145,5,230.0,0.7971014492580341,1,0.8685419685917146,2
379,310,2,50.0,0.99999999996,1,0.8682523968567324,3
397,323,2,50.0,0.99999999996,1,0.8682523968567324,3
392,323,2,50.0,0.99999999996,1,0.8682523968567324,3
381,313,2,50.0,0.99999999996,1,0.8682523968567324,3
387,322,2,50.0,0.99999999996,1,0.8682523968567324,3
388,322,2,50.0,0.99999999996,1,0.8682523968567324,3
390,323,2,50.0,0.99999999996,1,0.8682523968567324,3
399,323,2,50.0,0.99999999996,1,0.8682523968567324,3
398,323,2,50.0,0.99999999996,1,0.8682523968567324,3
400,323,2,50.0,0.99999999996,1,0.8682523968567324,3
117,32,2,50.0,0.99999999996,0,0.8682523968567324,1
303,224,2,50.0,0.99999999996,1,0.8682523968567324,3
150,72,2,50.0,0.99999999996,0,0.8682523968567324,1
304,224,2,50.0,0.99999999996,1,0.8682523968567324,3
402,323,2,50.0,0.99999999996,1,0.8682523968567324,3
403,323,2,50.0,0.99999999996,1,0.8682523968567324,3
410,323,2,50.0,0.99999999996,1,0.8682523968567324,3
411,323,2,50.0,0.99999999996,1,0.8682523968567324,3
412,323,2,50.0,0.99999999996,1,0.8682523968567324,3
407,323,2,50.0,0.99999999996,1,0.8682523968567324,3
415,324,2,50.0,0.99999999996,1,0.8682523968567324,3
414,323,2,50.0,0.99999999996,1,0.8682523968567324,3
421,325,2,50.0,0.99999999996,1,0.8682523968567324,3
432,339,3,237.0,0.9999999999873417,1,0.8664077303194893,2
341,261,3,462.0,0.9999999999935065,1,0.8507468446708788,2
252,168,3,402.0,0.9999999999925374,1,0.8485198372077052,2
245,151,3,402.0,0.9999999999925374,1,0.8485198372077052,2
446,374,3,312.0,0.9999999999903846,1,0.846845120358511,2
217,135,3,315.0,0.9999999999904762,1,0.8442304382058287,2
378,310,3,255.0,0.9999999999882353,1,0.8432241519454452,2
449,403,2,140.0,0.9999999999857142,1,0.8429720445493429,3
452,421,2,140.0,0.9999999999857142,1,0.8429720445493429,3
99,22,3,270.0,0.9999999999888889,0,0.8400015131807035,2
265,182,7,756.0,0.9999999999907407,1,0.8398549113144825,0
356,278,4,1232.0,0.9999999999967533,1,0.8392555595483493,0
282,204,5,475.0,0.9999999999894736,1,0.8343760651922392,0
372,306,2,344.0,0.9999999999941861,1,0.8338012034173787,1
244,151,3,234.0,0.9999999999871795,1,0.8303406622010404,2
274,192,5,499.5,0.9999999999899901,1,0.8200260489401159,0
376,307,2,516.0,0.9999999999961241,1,0.8199024432008869,1
368,302,2,516.0,0.9999999999961241,1,0.8199024432008869,1
328,244,3,299.70000000000005,0.99999999998999,1,0.816771891784246,2
187,119,3,195.0,0.9999999999846153,1,0.8106188522397754,2
318,235,3,224.70000000000002,0.9999999999866488,1,0.8100142082445256,2
461,530,3,225.0,0.9999999999866667,1,0.8093949870912002,2
229,144,3,225.0,0.9999999999866667,1,0.8093949870912002,2
460,521,3,225.0,0.9999999999866667,1,0.8093949870912002,2
416,324,4,600.0,0.9999999999933334,1,0.808686322712603,0
326,242,4,436.0,0.9999999999908257,1,0.8067881712051884,0
359,281,3,303.0,0.9999999999900989,1,0.8014239751718542,2
340,260,3,285.0,0.9999999999894736,1,0.7987170775012234,2
218,136,4,620.0,0.9999999999935485,1,0.7924368581208341,0
466,585,4,180.0,0.9999999999777779,1,0.78639141763442,2
426,330,3,285.0,0.9999999999894736,1,0.7838186961506259,2
270,185,3,285.0,0.9999999999894736,1,0.7838186961506259,2
262,178,3,285.0,0.9999999999894736,1,0.7838186961506259,2
384,318,4,432.0,0.9999999999907407,1,0.7819559570933329,0
395,323,3,150.0,0.9999999999800001,1,0.7817045554525478,2
315,232,5,775.0,0.9999999999935485,1,0.7802164341007041,0
146,66,5,495.0,0.999999999989899,0,0.7789267045069279,0
186,117,4,400.0,0.99999999999,1,0.7749707097442556,2
283,204,2,204.0,0.9999999999901961,1,0.7708244360156017,1
130,49,3,288.0,0.9999999999895833,0,0.7639592196023847,2
176,100,3,288.0,0.9999999999895833,1,0.7639592196023847,2
174,99,4,160.0,0.9166666666437501,1,0.757310968352906,1
203,129,2,192.0,0.9999999999895833,1,0.7512524194136234,1
310,229,6,540.0,0.9999999999888889,1,0.7500232580660686,0
191,123,4,678.0,0.9026548672513118,1,0.7462307898301084,2
285,204,4,416.0,0.9999999999903846,1,0.7458177043874601,0
221,137,4,416.0,0.9999999999903846,1,0.7458177043874601,0
306,226,4,1088.0,0.8443627450949349,1,0.7424418533644167,0
178,101,4,740.0,0.9999999999945947,1,0.7414209532378356,0
456,493,2,110.0,0.9999999999818182,1,0.7405362243788949,3
169,94,6,600.0,0.99999999999,1,0.7378607339420191,0
276,196,4,440.0,0.999999999990909,1,0.73676117933099,0
296,217,4,640.0,0.9999999999937501,1,0.7317265284232469,0
366,301,4,600.0,0.9999999999933334,1,0.7278346558886998,0
223,137,6,435.0,1.310344827568133,1,0.7259102019328125,2
168,91,3,300.0,0.99999999999,1,0.7189623121720986,2
389,322,5,475.0,0.9999999999894736,1,0.7186818577256789,0
220,137,3,315.0,0.9999999999904762,1,0.714290436502922,2
333,253,3,180.0,0.9999999999833334,1,0.7106624818901871,2
299,219,3,180.0,0.9999999999833334,1,0.7106624818901871,2
207,132,3,405.0,0.9999999999925927,1,0.7070465066554779,2
413,323,2,120.0,0.9999999999833334,1,0.691302175046123,3
436,347,5,500.0,0.99999999999,1,0.6697518248503559,0
344,265,3,360.0,0.9999999999916667,1,0.6571994978922643,2
324,241,4,440.0,0.999999999990909,1,0.6567646333647226,0
298,218,4,149.8,1.110814419195973,1,0.6538822086400361,2
350,269,3,240.0,0.9999999999875,1,0.6535525316346807,2
316,233,2,258.0,0.9999999999922481,1,0.6511922131636422,1
343,262,2,130.0,0.9999999999846153,1,0.6510404606032698,1
59,6,2,130.0,0.9999999999846153,0,0.6510404606032698,1
458,503,2,130.0,0.9999999999846153,1,0.6510404606032698,3
257,171,2,130.0,0.9999999999846153,1,0.6510404606032698,1
183,111,2,130.0,0.9999999999846153,1,0.6510404606032698,1
61,6,3,372.0,0.9999999999919355,0,0.6489502145168501,2
327,242,4,460.0,0.9999999999913043,1,0.6475724506668158,0
329,247,3,450.0,0.9999999999933334,1,0.6428399827125674,2
445,374,2,120.0,0.9999999999833334,1,0.6412009307032267,3
424,326,3,327.0,0.9999999999908257,1,0.6307445858174456,2
264,179,3,342.0,0.999999999991228,1,0.6265899630745883,2
88,16,3,279.0,0.9999999999892473,0,0.6146504891627038,2
254,169,3,279.0,0.9999999999892473,1,0.6146504891627038,2
198,126,4,460.0,0.9999999999913043,1,0.6058795016133863,0
409,323,3,319.5,0.9999999999906103,1,0.5987117234272891,2
406,323,3,345.0,0.9999999999913043,1,0.5974736323185115,2
154,74,3,270.0,0.9999999999888889,0,0.594710983158046,2
161,81,5,570.0,1.02339181285652,0,0.5874531143591983,0
236,149,4,344.0,0.9999999999883721,1,0.5842235655857371,0
55,5,3,225.0,0.9999999999866667,0,0.583623394049956,2
110,28,3,345.0,0.9999999999913043,0,0.5823818424970143,2
325,241,3,345.0,0.9999999999913043,1,0.5823818424970143,2
300,221,3,345.0,0.9999999999913043,1,0.5823818424970143,2
247,153,3,345.0,0.9999999999913043,1,0.5823818424970143,2
374,306,4,520.0,0.9999999999923078,1,0.5769588420964328,0
122,40,4,360.0,0.9999999999888889,0,0.5575509344231616,0
120,38,3,300.0,0.99999999999,0,0.5429107407167741,2
330,251,3,300.0,0.99999999999,1,0.5429107407167741,2
226,142,4,400.0,0.99999999999,1,0.5371914592231342,0
278,200,2,200.0,0.99999999999,1,0.5324392011222924,1
336,255,2,200.0,0.99999999999,1,0.5324392011222924,1
290,209,2,200.0,0.99999999999,1,0.5324392011222924,1
78,9,2,200.0,0.99999999999,0,0.5324392011222924,1
277,197,4,400.0,0.99999999999,1,0.5304939991815824,0
123,42,3,372.0,0.9999999999919355,0,0.5210271550759127,2
189,121,3,372.0,0.9999999999919355,1,0.5210271550759127,2
231,146,2,300.0,0.9999999999933334,1,0.5174868737888558,1
82,9,2,300.0,0.9999999999933334,0,0.5174868737888558,1
427,330,3,315.0,0.9999999999904762,1,0.5162947836585622,2
363,290,4,420.0,0.9999999999904762,1,0.5151676233823457,0
238,150,4,380.0,0.9999999999894736,1,0.5099318713801403,0
173,97,4,340.0,0.9999999999882353,1,0.5069521204868395,0
455,483,2,360.0,0.9999999999944446,1,0.500048860245652,3
76,9,3,450.0,0.9999999999933334,0,0.5000374714949427,2
134,55,3,318.0,0.999999999990566,0,0.48828011005821975,2
50,4,4,612.0,0.9999999999934641,0,0.48417460915723126,0
371,306,2,180.0,0.9999999999888889,1,0.47914759372357807,1
132,52,4,460.0,0.9999999999913043,0,0.47687795088667884,0
271,186,3,285.0,0.9999999999894736,1,0.46477739522275135,2
158,76,3,285.0,0.9999999999894736,0,0.46477739522275135,2
338,256,3,285.0,0.9999999999894736,1,0.46477739522275135,2
142,63,6,660.0,0.999999999990909,0,0.45105325688538334,0
83,10,4,492.0,0.9999999999918698,0,0.4430379421997755,0
342,261,4,364.0,0.9999999999890109,1,0.43969018386979786,0
96,21,4,359.6,0.9999999999888767,0,0.4315118892961544,0
102,22,4,399.6,0.9999999999899901,0,0.4218976612899404,0
172,96,4,399.6,0.9999999999899901,1,0.4218976612899404,0
152,74,4,400.0,0.99999999999,0,0.41231274368893744,0
192,123,4,400.0,0.99999999999,1,0.3813151553082142,0
164,82,4,419.6,0.9999999999904672,0,0.3642222075959878,0
93,19,3,270.0,0.9999999999888889,0,0.3588081920912935,2
175,100,3,270.0,0.9999999999888889,1,0.3588081920912935,2
64,7,2,240.0,0.9999999999916667,0,0.35842525730187286,1
90,16,3,318.0,0.999999999990566,0,0.3583725693955248,2
165,85,3,330.0,0.999999999990909,0,0.3551182697573634,2
433,342,4,420.0,0.9999999999904762,1,0.35501160407523663,0
159,78,4,420.0,0.9999999999904762,0,0.35501160407523663,0
258,172,2,200.0,0.99999999999,1,0.3384617414870516,1
48,0,2,200.0,0.99999999999,0,0.3384617414870516,1
422,325,2,200.0,0.99999999999,1,0.3384617414870516,1
127,46,2,200.0,0.99999999999,0,0.3384617414870516,1
321,238,2,200.0,0.99999999999,1,0.3384617414870516,1
53,4,2,200.0,0.99999999999,0,0.3384617414870516,1
148,69,2,200.0,0.99999999999,0,0.3384617414870516,1
129,49,4,400.0,0.99999999999,0,0.3344669633016526,0
334,254,4,340.0,0.9999999999882353,1,0.33020046259495184,0
57,5,2,368.0,0.9999999999945652,0,0.3124432816830145,1
97,21,5,553.0,1.0337552742522567,0,0.31079732840622387,2
151,72,3,330.0,0.999999999990909,0,0.30942348695666133,2
98,22,4,435.6,0.9999999999908173,0,0.30791750459889417,0
111,28,2,238.0,0.9999999999915966,0,0.3066313433408695,1
100,22,2,238.0,0.9999999999915966,0,0.3066313433408695,1
118,32,2,238.0,0.9999999999915966,0,0.3066313433408695,1
147,66,2,238.0,0.9999999999915966,0,0.3066313433408695,1
144,64,2,238.0,0.9999999999915966,0,0.3066313433408695,1
179,101,2,238.0,0.9999999999915966,1,0.3066313433408695,1
181,105,2,238.0,0.9999999999915966,1,0.3066313433408695,1
200,126,2,238.0,0.9999999999915966,1,0.3066313433408695,1
199,126,2,238.0,0.9999999999915966,1,0.3066313433408695,1
197,125,2,238.0,0.9999999999915966,1,0.3066313433408695,1
113,29,2,238.0,0.9999999999915966,0,0.3066313433408695,1
205,130,3,255.0,0.9999999999882353,1,0.28970048680078403,2
109,25,3,255.0,0.9999999999882353,0,0.28970048680078403,2
33,18,3,300.0,0.99999999999,0,0.2827766796275359,1
84,11,6,479.40000000000003,0.9999999999874843,0,0.27920656201276145,0
