image_name;product_name;main_category;subcategory;product_url
001_طلّع_بالتونسي_–_TALA3_BITOUNSI.png;طلّع بالتونسي – TALA3 BITOUNSI;Jeux;;https://sougui.tn/product/%d8%b7%d9%84%d9%91%d8%b9-%d8%a8%d8%a7%d9%84%d8%aa%d9%88%d9%86%d8%b3%d9%8a-tala3-bitounsi/
002_لعبة_الباندي_–_Jeu_D’ambiance.png;لعبة الباندي – Jeu D’ambiance;Jeux;;https://sougui.tn/product/%d9%84%d8%b9%d8%a8%d8%a9-%d8%a7%d9%84%d8%a8%d8%a7%d9%86%d8%af%d9%8a-jeu-dambiance/
003_🤍_Set_« Séa »_en_Grès_Blanc_Moucheté.jpg;🤍 Set « Séa » en Grès Blanc Moucheté;Arts de la table;Service de Table;https://sougui.tn/product/%f0%9f%a4%8d-set-complet-sea-en-gres-blanc-mouchete-31-pieces-elegantes-et-raffinees-%f0%9f%8d%bd%ef%b8%8f%e2%9c%a8/
004_Abat-jour_en_bois_de_hêtre_sculpté_à_la_main.webp;Abat-jour en bois de hêtre sculpté à la main;Décoration;Luminaires;https://sougui.tn/product/abat-jour-en-bois-de-hetre-sculpte-a-la-main/
005_Action_Vérité_Bitounsi_+_108_Extra_Cartes_–_Jeu_D’ambiance.png;Action Vérité Bitounsi + 108 Extra Cartes – Jeu D’ambiance;Jeux;;https://sougui.tn/product/action-verite-bitounsi-108-extra-cartes-jeu-dambiance/
006_Action_Vérité_Bitounsi_–_Jeu_D’ambiance.png;Action Vérité Bitounsi – Jeu D’ambiance;Jeux;;https://sougui.tn/product/action-verite-bitounsi-jeu-dambiance/
008_Bonbonnières_en_verre_soufflé_&_cuivre_martelé.png;Bonbonnières en verre soufflé & cuivre martelé;Arts de la table;Cuivres;https://sougui.tn/product/bonbonnieres-en-verre-souffle-cuivre-martele/
009_Bougeoirs_Ethniques_en_Céramique.jpg;Bougeoirs Ethniques en Céramique;Décoration;Bougeoirs;https://sougui.tn/product/bougeoirs-ethniques-rouge-en-ceramique/
010_Bouteille_en_Céramique_–_Motifs_Ottomans_Peints_à_la_Main_(75_cl).jpg;Bouteille en Céramique – Motifs Ottomans Peints à la Main (75 cl);Arts de la table;Céramiques;https://sougui.tn/product/bouteille-en-ceramique-motifs-ottomans-peints-a-la-main-75-cl/
011_Carafe_en_Verre_Soufflé_–_Didon.png;Carafe en Verre Soufflé – Didon;Arts de la table;Verres;https://sougui.tn/product/carafe-en-verre-souffle-didon/
012_Carafe_et_6_Gobelets_« Olivéa »_en_Grès_–_Élégance_Naturelle_et_Authentique.jpg;Carafe et 6 Gobelets « Olivéa » en Grès – Élégance Naturelle et Authentique;Arts de la table;Service de Table;https://sougui.tn/product/carafe-et-6-gobelets-olivea-en-gres-elegance-naturelle-et-authentique/
013_Carafe_Médina_–_Verre_soufflé_artisanal_(3_coloris).png;Carafe Médina – Verre soufflé artisanal (3 coloris);Arts de la table;Verres;https://sougui.tn/product/carafe-medina-verre-souffle-artisanal-3-coloris/
014_Carafe_Tanit_–_Élégance_en_Verre_Soufflé.jpg;Carafe Tanit – Élégance en Verre Soufflé;Arts de la table;Verres;https://sougui.tn/product/carafe-tanit-elegance-en-verre-souffle/
015_Collection_Émotion_–_Tasses_&_Soucoupes_Artisanales.png;Collection Émotion – Tasses & Soucoupes Artisanales;Gifts;Esprit Romance;https://sougui.tn/product/collection-emotion-tasses-soucoupes-artisanales/
016_Collection_Opale_d’Orient_–_Set_de_6_verres_artisanaux_en_verre_soufflé_craquelé.png;Collection Opale d’Orient – Set de 6 verres artisanaux en verre soufflé craquelé;Arts de la table;Verres;https://sougui.tn/product/collection-opale-dorient-set-de-6-verres-artisanaux-en-verre-souffle-craquele/
017_Collection_Sidi_Bou_–_Photophores_artisanaux_en_cire_parfumée.png;Collection Sidi Bou – Photophores artisanaux en cire parfumée;Décoration;Bougeoirs;https://sougui.tn/product/collection-sidi-bou-photophores-artisanaux-en-cire-parfumee/
018_Couffin_artisanal_en_fibre_végétale_–_Anses_cuir_&_fouta_offerte.png;Couffin artisanal en fibre végétale – Anses cuir & fouta offerte;Gifts;;https://sougui.tn/product/couffin-artisanal-en-fibre-vegetale-anses-cuir-fouta-offerte/
019_Couffin_artisanal_en_fibre_végétale_–_Elyssa.png;Couffin artisanal en fibre végétale – Elyssa;Gifts;Esprit Romance;https://sougui.tn/product/couffin-artisanal-en-fibre-vegetale-elyssa/
020_Couleurs_de_la_Médina.webp;Couleurs de la Médina;Décoration;Sculptures;https://sougui.tn/product/couleurs-de-la-medina/
021_Douceur_de_Djerba.webp;Douceur de Djerba;Décoration;Sculptures;https://sougui.tn/product/douceur-de-djerba/
022_Duo_de_Bouteilles_avec_Support_« Olivéa »_en_Grès_–_Élégance_Naturelle.jpg;Duo de Bouteilles avec Support « Olivéa » en Grès – Élégance Naturelle;Arts de la table;Service de Table;https://sougui.tn/product/duo-de-bouteilles-avec-support-olivea-en-gres-elegance-naturelle/
023_Duo_de_Corbeilles_en_Nattes_tressées_–_Forme_Cœur_(Rouge_Foncé).jpg;Duo de Corbeilles en Nattes tressées – Forme Cœur (Rouge Foncé);Arts de la table;Nattes;https://sougui.tn/product/duo-de-corbeilles-en-nattes-tressees-forme-coeur-rouge-fonce/
024_Ensemble_de_vases_en_céramique_avec_motifs_berbères.jpg;Ensemble de vases en céramique avec motifs berbères;Arts de la table;Céramiques;https://sougui.tn/product/ensemble-de-vases-en-ceramique-bleue-avec-motifs-berberes/
025_Fouta_artisanale_en_coton_–_2m_x_1m_–_Couleurs_au_choix.png;Fouta artisanale en coton – 2m x 1m – Couleurs au choix;Couffins & Foutas;;https://sougui.tn/product/fouta-artisanale-en-coton-2m-x-1m-couleurs-au-choix/
026_Jeu_Nes_Bekri_Kalou_ناس_بكري_قالوا.jpg;Jeu Nes Bekri Kalou ناس بكري قالوا;Jeux;;https://sougui.tn/product/jeu-%d9%86%d8%a7%d8%b3-%d8%a8%d9%83%d8%b1%d9%8a-%d9%82%d8%a7%d9%84%d9%88%d8%a7/
027_Lampe_artisanale_en_bois_de_hêtre_–_Design_naturel_sculpté_à_la_main.webp;Lampe artisanale en bois de hêtre – Design naturel sculpté à la main;Décoration;Luminaires;https://sougui.tn/product/lampe-artisanale-en-bois-de-hetre-design-naturel-sculpte-a-la-main/
028_Lampe_de_table_« Solis »_–_Hêtre_massif_strié_et_lin_naturel.webp;Lampe de table « Solis » – Hêtre massif strié et lin naturel;Décoration;Luminaires;https://sougui.tn/product/lampe-de-table-solis-hetre-massif-strie-et-lin-naturel/
029_Lampe_en_Béton_Brut_–_L’Élégance_de_la_Lumière_Artisanale.jpg;Lampe en Béton Brut – L’Élégance de la Lumière Artisanale;Décoration;Luminaires;https://sougui.tn/product/lampe-en-beton-brut-lelegance-de-la-lumiere-artisanale/
030_L’arbre_du_crépuscule.webp;L’arbre du crépuscule;Décoration;Sculptures;https://sougui.tn/product/larbre-du-crepuscule/
031_Loup_Garou_Bitounsi_–_Jeu_D’ambiance.png;Loup Garou Bitounsi – Jeu D’ambiance;Jeux;;https://sougui.tn/product/loup-garou-bitounsi-jeu-dambiance/
032_Mouton_à_bascule_artisanal_–_Bois_&_laine_naturelle.png;Mouton à bascule artisanal – Bois & laine naturelle;Décoration;;https://sougui.tn/product/mouton-a-bascule-artisanal-bois-laine-naturelle/
033_Mouton_Décoratif_en_Laine_–_Disponible_en_3_Tailles.png;Mouton Décoratif en Laine – Disponible en 3 Tailles;Décoration;;https://sougui.tn/product/mouton-decoratif-en-laine-disponible-en-3-tailles/
034_Mug_Bohème_en_céramique_artisanale_–_Avec_sous-tasse.png;Mug Bohème en céramique artisanale – Avec sous-tasse;Gifts;Esprit Romance;https://sougui.tn/product/mug-boheme-en-ceramique-artisanale-avec-sous-tasse/
035_Plateau_Méditerranéen_–_Bois_d’Olivier_&_Faïence_Artisanale.webp;Plateau Méditerranéen – Bois d’Olivier & Faïence Artisanale;Arts de la table;Bois d'olivier;https://sougui.tn/product/plateau-mediterraneen-bois-dolivier-faience-artisanale/
036_Plateau_Mosaïque_d’Olive.jpg;Plateau Mosaïque d’Olive;Arts de la table;Bois d'olivier;https://sougui.tn/product/plateau-mosaique-ceramique-bois-dolivier/
037_Sculpture_Bouddha_en_Béton_–_Sérénité_et_Artisanat_Brut.jpg;Sculpture Bouddha en Béton – Sérénité et Artisanat Brut;Décoration;Sculptures;https://sougui.tn/product/sculpture-bouddha-en-beton-serenite-et-artisanat-brut/
038_Sculptures_Moaï_en_Béton_–_L’Art_Mystique_de_l’Île_de_Pâques.jpg;Sculptures Moaï en Béton – L’Art Mystique de l’Île de Pâques;Décoration;Sculptures;https://sougui.tn/product/sculptures-moai-en-beton-lart-mystique-de-lile-de-paques/
039_Seau_à_glace_artisanal_en_verre_soufflé_craquelé.png;Seau à glace artisanal en verre soufflé craquelé;Arts de la table;Verres;https://sougui.tn/product/seau-a-glace-artisanal-en-verre-souffle-craquele/
040_Set_« Olivéa »_en_Grès.jpg;Set « Olivéa » en Grès;Arts de la table;Service de Table;https://sougui.tn/product/set-complet-olivea-en-gres-31-pieces-pour-6-personnes/
041_Set_« Séli »_en_Grès_Noirs.jpg;Set « Séli » en Grès Noirs;Arts de la table;Service de Table;https://sougui.tn/product/set-complet-seli-en-gres-noir-31-pieces-elegantes-et-authentiques/
042_Set_de_6_Verres_en_Verre_Soufflé_–_Collection_Didon.jpg;Set de 6 Verres en Verre Soufflé – Collection Didon;Arts de la table;Verres;https://sougui.tn/product/set-de-6-verres-en-verre-souffle-collection-didon/
043_Set_« Duo_Envoûtant »_–_Mug_et_Plateau_en_Céramique.jpg;Set « Duo Envoûtant » – Mug et Plateau en Céramique;Gifts;Esprit Romance;https://sougui.tn/product/set-duo-envoutant-mug-et-plateau-en-ceramique/
044_Set_« Éclats_d’Azur »-_6_verres_à_pied_en_verre_soufflé_craquelé.jpg;Set « Éclats d’Azur »- 6 verres à pied en verre soufflé craquelé;Arts de la table;Verres;https://sougui.tn/product/set-eclats-dazur-6-verres-a-pied-en-verre-souffle-craquele/
045_Sous_plat_“Rosace_Azur”_–_Céramique_décorative_orientale.jpg;Sous plat “Rosace Azur” – Céramique décorative orientale;Arts de la table;Céramiques;https://sougui.tn/product/sous-plat-rosace-azur-ceramique-decorative-orientale/
046_Tasse_artisanale_en_céramique_émaillée_–_Vert_Nature.jpg;Tasse artisanale en céramique émaillée – Vert Nature;Arts de la table;Céramiques;https://sougui.tn/product/tasse-artisanale-en-ceramique-avec-soucoupe/
047_Tasse_artisanale_en_céramique_émaillée_–_Lilas_Élégant.jpg;Tasse artisanale en céramique émaillée – Lilas Élégant;Arts de la table;Céramiques;https://sougui.tn/product/tasse-artisanale-en-ceramique-emaillee-lilas-elegant/
048_Tote_Bag_Sougui.webp;Tote Bag Sougui;Couffins & Foutas;;https://sougui.tn/product/tote-bag-sougui/
049_Veilleuse_Citrouille_en_Fibres_Végétales_et_Fer.jpg;Veilleuse Citrouille en Fibres Végétales et Fer;Décoration;Luminaires;https://sougui.tn/product/veilleuse-citrouille-en-fibres-vegetales-et-fer/
050_Veilleuse_Coquille_en_Fibres_Végétales_et_Fer.jpg;Veilleuse Coquille en Fibres Végétales et Fer;Décoration;Luminaires;https://sougui.tn/product/veilleuse-coquille-en-fibres-vegetales-et-fer/
051_Vide-poche_« Carthage »_–_Acajou_ciselé_à_la_main.webp;Vide-poche « Carthage » – Acajou ciselé à la main;Arts de la table;Bois d'olivier;https://sougui.tn/product/vide-poche-carthage-acajou-cisele-a-la-main/
