documentPK,documentCode,document,status,paymentMethod
24,DEV25-07,devis,terminé,aucun
25,DEV25-12,devis,terminé,aucun
26,DEV25-02,devis,annulé,aucun
27,DEV25-03,devis,annulé,aucun
28,DEV24-15,devis,terminé,aucun
29,DEV24-21,devis,terminé,aucun
30,DEV24-22,devis,terminé,aucun
31,DEV24-23,devis,terminé,aucun
32,DEV25-09,devis,terminé,aucun
33,DEV25-10,devis,terminé,aucun
34,DEV26-01,devis,terminé,aucun
35,DEV24-16,devis,terminé,aucun
36,DEV25-11,devis,terminé,aucun
37,BL25-03,bon de livraison,terminé,aucun
38,BL25-11,bon de livraison,terminé,aucun
39,BL25-12,bon de livraison,terminé,aucun
40,BL25-19,bon de livraison,terminé,aucun
41,BL25-35,bon de livraison,terminé,aucun
42,BL25-37,bon de livraison,terminé,aucun
43,BL25-23,bon de livraison,terminé,aucun
44,BL25-21,bon de livraison,terminé,aucun
45,BL25-25,bon de livraison,terminé,aucun
46,BL25-18,bon de livraison,terminé,aucun
47,BL25-17,bon de livraison,terminé,aucun
48,BL25-16,bon de livraison,terminé,aucun
49,BL25-09,bon de livraison,terminé,aucun
50,BL25-06,bon de livraison,terminé,aucun
51,BL25-04,bon de livraison,terminé,aucun
52,BL25-05,bon de livraison,terminé,aucun
53,BL25-26,bon de livraison,terminé,aucun
54,BL25-27,bon de livraison,terminé,aucun
55,BL25-24,bon de livraison,terminé,aucun
56,BL25-22,bon de livraison,terminé,aucun
57,BL25-14,bon de livraison,terminé,aucun
58,BL25-20,bon de livraison,terminé,aucun
59,BL25-36,bon de livraison,terminé,aucun
60,BL25-10,bon de livraison,terminé,aucun
61,BL25-15,bon de livraison,terminé,aucun
62,BL25-07,bon de livraison,terminé,aucun
63,BL25-08,bon de livraison,terminé,aucun
64,BL25-28,bon de livraison,terminé,aucun
65,BL25-29,bon de livraison,terminé,aucun
1,DEV25-01,devis,terminé,aucun
2,DEV25-05,devis,terminé,aucun
3,DEV25-04,devis,terminé,aucun
4,DEV25-08,devis,terminé,aucun
5,DEV25-13,devis,terminé,aucun
6,DEV24-24,devis,terminé,aucun
7,DEV24-17,devis,annulé,aucun
8,DEV24-18,devis,annulé,aucun
9,DEV24-19,devis,annulé,aucun
10,DEV24-20,devis,annulé,aucun
11,DEV25-14,devis,annulé,aucun
12,DEV25-01,devis,terminé,aucun
13,DEV25-05,devis,terminé,aucun
14,DEV25-04,devis,terminé,aucun
15,DEV25-08,devis,terminé,aucun
16,DEV25-13,devis,terminé,aucun
17,DEV24-24,devis,terminé,aucun
18,DEV24-17,devis,annulé,aucun
19,DEV24-18,devis,annulé,aucun
20,DEV24-19,devis,annulé,aucun
21,DEV24-20,devis,annulé,aucun
22,DEV25-14,devis,annulé,aucun
23,DEV25-06,devis,terminé,aucun
66,BL25-30,bon de livraison,terminé,aucun
67,BL25-31,bon de livraison,terminé,aucun
68,BL24-02,bon de livraison,terminé,aucun
69,BL25-32,bon de livraison,terminé,aucun
70,BL25-33,bon de livraison,terminé,aucun
71,BC25-1,bon de commande,terminé,aucun
72,FAC25-07,facture_vente,payé,virement
73,FAC25-10,facture_vente,payé,virement
74,FAC25-12,facture_vente,payé,virement
75,FAC25-11,facture_vente,payé,virement
76,FAC25-32,facture_vente,payé,virement
77,FAC25-36,facture_vente,payé,virement
78,FAC25-37,facture_vente,payé,virement
79,FAC25-13,facture_vente,payé,virement
80,FAC25-02,facture_vente,payé,virement
81,FAC25-29,facture_vente,payé,virement
82,FAC25-38,facture_vente,payé,virement
83,FAC24-019,facture_vente,payé,virement
84,FAC24-021,facture_vente,payé,virement
85,FAC24-023,facture_vente,payé,virement
86,FAC25-01,facture_vente,payé,virement
87,FAC25-05,facture_vente,payé,virement
88,FAC25-08,facture_vente,payé,virement
89,FAC25-15,facture_vente,payé,virement
90,FAC25-18,facture_vente,payé,virement
91,FAC25-20,facture_vente,payé,virement
92,FAC25-21,facture_vente,payé,virement
93,FAC25-23,facture_vente,payé,virement
94,FAC25-26,facture_vente,payé,virement
95,FAC25-30,facture_vente,payé,virement
96,FAC25-34,facture_vente,payé,virement
97,FAC25-03,facture_vente,payé,virement
98,FAC25-06,facture_vente,payé,virement
99,FAC25-09,facture_vente,payé,virement
100,FAC25-14,facture_vente,payé,virement
101,FAC25-16,facture_vente,payé,virement
102,FAC25-17,facture_vente,payé,virement
103,FAC25-19,facture_vente,payé,virement
104,FAC25-22,facture_vente,payé,virement
105,FAC25-24,facture_vente,payé,virement
106,FAC25-25,facture_vente,payé,virement
107,FAC25-31,facture_vente,payé,virement
108,FAC25-33,facture_vente,payé,virement
109,FAC24-022,facture_vente,payé,virement
110,FAC25-35,facture_vente,payé,virement
111,FAC24-020,facture_vente,payé,virement
112,FAC24-024,facture_vente,payé,virement
113,FAC25-04,facture_vente,payé,virement
114,FAC25-27,facture_vente,payé,virement
115,FAC25-28,facture_vente,payé,virement
116,C-11888,bon de commande,Terminée,aucun
117,C-14148,bon de commande,En cours,aucun
118,C-14146,bon de commande,En cours,aucun
119,C-14145,bon de commande,En cours,aucun
120,C-14144,bon de commande,En cours,aucun
121,C-14143,bon de commande,En cours,aucun
122,C-14141,bon de commande,En cours,aucun
123,C-14140,bon de commande,En cours,aucun
124,C-14139,bon de commande,En cours,aucun
125,C-14138,bon de commande,En cours,aucun
126,C-14137,bon de commande,En cours,aucun
127,C-14136,bon de commande,En cours,aucun
128,C-14135,bon de commande,Terminée,aucun
129,C-14134,bon de commande,Terminée,aucun
130,C-14133,bon de commande,En cours,aucun
131,C-14132,bon de commande,En cours,aucun
132,C-14131,bon de commande,En cours,aucun
133,C-14130,bon de commande,En cours,aucun
134,C-14129,bon de commande,En cours,aucun
135,C-14128,bon de commande,En cours,aucun
136,C-11868,bon de commande,Terminée,aucun
137,C-14127,bon de commande,En cours,aucun
138,C-14126,bon de commande,En cours,aucun
139,C-14125,bon de commande,En cours,aucun
140,C-14124,bon de commande,En cours,aucun
141,C-14123,bon de commande,En cours,aucun
142,C-14122,bon de commande,En cours,aucun
143,C-14121,bon de commande,En cours,aucun
144,C-14120,bon de commande,En cours,aucun
145,C-14119,bon de commande,En cours,aucun
146,C-14118,bon de commande,Terminée,aucun
147,C-14117,bon de commande,En cours,aucun
148,C-14116,bon de commande,En cours,aucun
149,C-14115,bon de commande,En cours,aucun
150,C-14114,bon de commande,En cours,aucun
151,C-14113,bon de commande,En cours,aucun
152,C-14112,bon de commande,En cours,aucun
153,C-14111,bon de commande,En cours,aucun
154,C-14110,bon de commande,En cours,aucun
155,C-14109,bon de commande,En cours,aucun
156,C-14108,bon de commande,En cours,aucun
157,C-14107,bon de commande,En cours,aucun
158,C-14105,bon de commande,En cours,aucun
159,C-14104,bon de commande,En cours,aucun
160,C-14103,bon de commande,Terminée,aucun
161,C-14102,bon de commande,En cours,aucun
162,C-14100,bon de commande,En cours,aucun
163,C-14099,bon de commande,En cours,aucun
164,C-14098,bon de commande,En cours,aucun
165,C-14097,bon de commande,En cours,aucun
166,C-14096,bon de commande,En cours,aucun
167,C-14095,bon de commande,En cours,aucun
168,C-14094,bon de commande,En cours,aucun
169,C-14093,bon de commande,En cours,aucun
170,C-14092,bon de commande,En cours,aucun
171,C-14090,bon de commande,En cours,aucun
172,C-14089,bon de commande,En cours,aucun
173,C-14087,bon de commande,En cours,aucun
174,C-14086,bon de commande,En cours,aucun
175,C-14085,bon de commande,En cours,aucun
176,C-14084,bon de commande,En cours,aucun
177,C-14082,bon de commande,Terminée,aucun
178,C-14080,bon de commande,En cours,aucun
179,C-14079,bon de commande,En cours,aucun
180,C-14077,bon de commande,Terminée,aucun
181,C-14076,bon de commande,Terminée,aucun
182,C-14075,bon de commande,Terminée,aucun
183,C-14074,bon de commande,Terminée,aucun
184,C-14073,bon de commande,Terminée,aucun
185,C-14072,bon de commande,Terminée,aucun
186,C-14071,bon de commande,Terminée,aucun
187,C-14069,bon de commande,Terminée,aucun
188,C-14068,bon de commande,Terminée,aucun
189,C-14067,bon de commande,Terminée,aucun
190,C-14064,bon de commande,Terminée,aucun
191,C-14063,bon de commande,Terminée,aucun
192,C-14062,bon de commande,Terminée,aucun
193,C-14061,bon de commande,Terminée,aucun
194,C-14059,bon de commande,Terminée,aucun
195,C-14058,bon de commande,Terminée,aucun
196,C-14057,bon de commande,Terminée,aucun
197,C-14055,bon de commande,Terminée,aucun
198,C-14054,bon de commande,Terminée,aucun
199,C-14053,bon de commande,Terminée,aucun
200,C-14052,bon de commande,Terminée,aucun
201,C-14051,bon de commande,Terminée,aucun
202,C-14049,bon de commande,Terminée,aucun
203,C-14047,bon de commande,Terminée,aucun
204,C-14041,bon de commande,Terminée,aucun
205,C-14039,bon de commande,Terminée,aucun
206,C-14027,bon de commande,Terminée,aucun
207,C-14021,bon de commande,Terminée,aucun
208,C-14019,bon de commande,Terminée,aucun
209,C-14018,bon de commande,Terminée,aucun
210,C-14006,bon de commande,Terminée,aucun
211,C-14005,bon de commande,Terminée,aucun
212,C-14004,bon de commande,Terminée,aucun
213,C-14003,bon de commande,Terminée,aucun
214,C-14001,bon de commande,Terminée,aucun
215,C-14000,bon de commande,Terminée,aucun
216,C-13999,bon de commande,Terminée,aucun
217,C-13998,bon de commande,Terminée,aucun
218,C-13997,bon de commande,Terminée,aucun
219,C-13995,bon de commande,Terminée,aucun
220,C-13993,bon de commande,Terminée,aucun
221,C-13992,bon de commande,Terminée,aucun
222,C-13991,bon de commande,Terminée,aucun
223,C-13990,bon de commande,Terminée,aucun
224,C-13988,bon de commande,Terminée,aucun
225,C-13987,bon de commande,Terminée,aucun
226,C-13986,bon de commande,Terminée,aucun
227,C-13984,bon de commande,Terminée,aucun
228,C-13983,bon de commande,Terminée,aucun
229,C-13981,bon de commande,Terminée,aucun
230,C-13980,bon de commande,Terminée,aucun
231,C-13978,bon de commande,Terminée,aucun
232,C-13976,bon de commande,Terminée,aucun
233,C-11869,bon de commande,Terminée,aucun
234,C-13975,bon de commande,Terminée,aucun
235,C-13974,bon de commande,Terminée,aucun
236,C-13973,bon de commande,Terminée,aucun
237,C-13971,bon de commande,Terminée,aucun
238,C-13969,bon de commande,Terminée,aucun
239,C-13966,bon de commande,Terminée,aucun
240,C-13965,bon de commande,Terminée,aucun
241,C-13962,bon de commande,Terminée,aucun
242,C-13961,bon de commande,Terminée,aucun
243,C-13960,bon de commande,Terminée,aucun
244,C-13958,bon de commande,Terminée,aucun
245,C-13957,bon de commande,Terminée,aucun
246,C-13955,bon de commande,Terminée,aucun
247,C-13954,bon de commande,Terminée,aucun
248,C-13953,bon de commande,Terminée,aucun
249,C-13952,bon de commande,Terminée,aucun
250,C-13949,bon de commande,Terminée,aucun
251,C-13943,bon de commande,Terminée,aucun
252,C-13942,bon de commande,Terminée,aucun
253,C-13941,bon de commande,Terminée,aucun
254,C-13937,bon de commande,Terminée,aucun
255,C-13931,bon de commande,Terminée,aucun
256,C-13930,bon de commande,Terminée,aucun
257,C-13927,bon de commande,Terminée,aucun
258,C-13926,bon de commande,Terminée,aucun
259,C-13923,bon de commande,Terminée,aucun
260,C-13922,bon de commande,Terminée,aucun
261,C-13921,bon de commande,Terminée,aucun
262,C-13920,bon de commande,Terminée,aucun
263,C-13918,bon de commande,Terminée,aucun
264,C-13911,bon de commande,Terminée,aucun
265,C-13910,bon de commande,Terminée,aucun
266,C-13897,bon de commande,Terminée,aucun
267,C-13896,bon de commande,Terminée,aucun
268,C-13895,bon de commande,Terminée,aucun
269,C-13894,bon de commande,Terminée,aucun
270,C-13889,bon de commande,Terminée,aucun
271,C-13888,bon de commande,Terminée,aucun
272,C-13887,bon de commande,Terminée,aucun
273,C-13827,bon de commande,Terminée,aucun
274,C-13826,bon de commande,Terminée,aucun
275,C-13825,bon de commande,Terminée,aucun
276,C-13806,bon de commande,Terminée,aucun
277,C-13804,bon de commande,Terminée,aucun
278,C-13803,bon de commande,Terminée,aucun
279,C-13773,bon de commande,Terminée,aucun
280,C-13739,bon de commande,Terminée,aucun
281,C-13736,bon de commande,Terminée,aucun
282,C-13735,bon de commande,Terminée,aucun
283,C-13733,bon de commande,Terminée,aucun
284,C-13729,bon de commande,Terminée,aucun
285,C-13728,bon de commande,Terminée,aucun
286,C-13727,bon de commande,Terminée,aucun
287,C-13726,bon de commande,Terminée,aucun
288,C-13724,bon de commande,Terminée,aucun
289,C-13723,bon de commande,Terminée,aucun
290,C-13722,bon de commande,Terminée,aucun
291,C-13721,bon de commande,Terminée,aucun
292,C-13710,bon de commande,Terminée,aucun
293,C-13709,bon de commande,Terminée,aucun
294,C-13708,bon de commande,Terminée,aucun
295,C-13707,bon de commande,Terminée,aucun
296,C-13706,bon de commande,Terminée,aucun
297,C-13703,bon de commande,Terminée,aucun
298,C-13701,bon de commande,Terminée,aucun
299,C-13700,bon de commande,Terminée,aucun
300,C-13699,bon de commande,Terminée,aucun
301,C-13697,bon de commande,Terminée,aucun
302,C-13696,bon de commande,En attente,aucun
303,C-13695,bon de commande,Terminée,aucun
304,C-13693,bon de commande,Terminée,aucun
305,C-13692,bon de commande,Terminée,aucun
306,C-13691,bon de commande,Terminée,aucun
307,C-13689,bon de commande,Terminée,aucun
308,C-13688,bon de commande,Terminée,aucun
309,C-13687,bon de commande,Terminée,aucun
310,C-13686,bon de commande,Terminée,aucun
311,C-13685,bon de commande,Terminée,aucun
312,C-13684,bon de commande,Terminée,aucun
313,C-13683,bon de commande,Terminée,aucun
314,C-13682,bon de commande,Terminée,aucun
315,C-13681,bon de commande,Terminée,aucun
316,C-13680,bon de commande,Terminée,aucun
317,C-13679,bon de commande,Terminée,aucun
318,C-13677,bon de commande,Terminée,aucun
319,C-13675,bon de commande,Terminée,aucun
320,C-13672,bon de commande,Terminée,aucun
321,C-13671,bon de commande,Terminée,aucun
322,C-13670,bon de commande,Terminée,aucun
323,C-13669,bon de commande,Terminée,aucun
324,C-13666,bon de commande,Terminée,aucun
325,C-13665,bon de commande,Terminée,aucun
326,C-13664,bon de commande,Terminée,aucun
327,C-13663,bon de commande,Terminée,aucun
328,C-13662,bon de commande,Terminée,aucun
329,C-13661,bon de commande,Terminée,aucun
330,C-13660,bon de commande,Terminée,aucun
331,C-13659,bon de commande,Terminée,aucun
332,C-13658,bon de commande,Terminée,aucun
333,C-13657,bon de commande,Terminée,aucun
334,C-13646,bon de commande,Terminée,aucun
335,C-13643,bon de commande,Terminée,aucun
336,C-13641,bon de commande,Terminée,aucun
337,C-13640,bon de commande,Terminée,aucun
338,C-13639,bon de commande,Terminée,aucun
339,C-13638,bon de commande,Terminée,aucun
340,C-13630,bon de commande,Terminée,aucun
341,C-13629,bon de commande,Terminée,aucun
342,C-13578,bon de commande,Terminée,aucun
343,C-13577,bon de commande,Terminée,aucun
344,C-13576,bon de commande,Terminée,aucun
345,C-13575,bon de commande,Terminée,aucun
346,C-13573,bon de commande,Terminée,aucun
347,C-13571,bon de commande,Terminée,aucun
348,C-13569,bon de commande,Terminée,aucun
349,C-13568,bon de commande,Terminée,aucun
350,C-13566,bon de commande,Terminée,aucun
351,C-13564,bon de commande,Terminée,aucun
352,C-13563,bon de commande,Terminée,aucun
353,C-13561,bon de commande,Terminée,aucun
354,C-13560,bon de commande,Terminée,aucun
355,C-13559,bon de commande,Terminée,aucun
356,C-13558,bon de commande,Terminée,aucun
357,C-13557,bon de commande,Terminée,aucun
358,C-13556,bon de commande,Terminée,aucun
359,C-13555,bon de commande,Terminée,aucun
360,C-13554,bon de commande,Terminée,aucun
361,C-13553,bon de commande,Terminée,aucun
362,C-13552,bon de commande,Terminée,aucun
363,C-13551,bon de commande,Terminée,aucun
364,C-13550,bon de commande,Terminée,aucun
365,C-13548,bon de commande,Terminée,aucun
366,C-13547,bon de commande,Terminée,aucun
367,C-13546,bon de commande,Terminée,aucun
368,C-13545,bon de commande,Terminée,aucun
369,C-13544,bon de commande,Terminée,aucun
370,C-13538,bon de commande,Terminée,aucun
371,C-13537,bon de commande,Terminée,aucun
372,C-13536,bon de commande,Terminée,aucun
373,C-13535,bon de commande,Terminée,aucun
374,C-13534,bon de commande,Terminée,aucun
375,C-13532,bon de commande,Terminée,aucun
376,C-13531,bon de commande,Terminée,aucun
377,C-13530,bon de commande,Terminée,aucun
378,C-13528,bon de commande,Terminée,aucun
379,C-13527,bon de commande,Terminée,aucun
380,C-13526,bon de commande,Terminée,aucun
381,C-13525,bon de commande,Terminée,aucun
382,C-13523,bon de commande,Terminée,aucun
383,C-13522,bon de commande,Terminée,aucun
384,C-13521,bon de commande,Terminée,aucun
385,C-13518,bon de commande,Terminée,aucun
386,C-13516,bon de commande,Terminée,aucun
387,C-13515,bon de commande,Terminée,aucun
388,C-13511,bon de commande,Terminée,aucun
389,C-13510,bon de commande,Terminée,aucun
390,C-13509,bon de commande,Terminée,aucun
391,C-13508,bon de commande,Terminée,aucun
392,C-13507,bon de commande,Terminée,aucun
393,C-13506,bon de commande,Terminée,aucun
394,C-13505,bon de commande,Terminée,aucun
395,C-13503,bon de commande,Terminée,aucun
396,C-13502,bon de commande,Terminée,aucun
397,C-13500,bon de commande,Terminée,aucun
398,C-13499,bon de commande,Terminée,aucun
399,C-13498,bon de commande,Terminée,aucun
400,C-13496,bon de commande,Terminée,aucun
401,C-13495,bon de commande,Terminée,aucun
402,C-13494,bon de commande,Terminée,aucun
403,C-13493,bon de commande,Terminée,aucun
404,C-13492,bon de commande,Terminée,aucun
405,C-13491,bon de commande,Terminée,aucun
406,C-13490,bon de commande,Terminée,aucun
407,C-13489,bon de commande,Terminée,aucun
408,C-13487,bon de commande,Terminée,aucun
409,C-13486,bon de commande,Terminée,aucun
410,C-13484,bon de commande,Terminée,aucun
411,C-13482,bon de commande,Terminée,aucun
412,C-13481,bon de commande,Terminée,aucun
413,C-13480,bon de commande,Terminée,aucun
414,C-13479,bon de commande,Terminée,aucun
415,C-13478,bon de commande,Terminée,aucun
416,C-13477,bon de commande,Terminée,aucun
417,C-13476,bon de commande,Terminée,aucun
418,C-13475,bon de commande,Terminée,aucun
419,C-13473,bon de commande,Terminée,aucun
420,C-13472,bon de commande,Terminée,aucun
421,C-13471,bon de commande,Terminée,aucun
422,C-13463,bon de commande,Terminée,aucun
423,C-13460,bon de commande,Terminée,aucun
424,C-13457,bon de commande,Terminée,aucun
425,C-13454,bon de commande,Terminée,aucun
426,C-13452,bon de commande,Terminée,aucun
427,C-13450,bon de commande,Terminée,aucun
428,C-13449,bon de commande,Terminée,aucun
429,C-13448,bon de commande,Terminée,aucun
430,C-13447,bon de commande,Terminée,aucun
431,C-13446,bon de commande,Terminée,aucun
432,C-13443,bon de commande,Terminée,aucun
433,C-13441,bon de commande,Terminée,aucun
434,C-13440,bon de commande,Terminée,aucun
435,C-13434,bon de commande,Terminée,aucun
436,C-13433,bon de commande,Terminée,aucun
437,C-13415,bon de commande,Terminée,aucun
438,C-13397,bon de commande,Terminée,aucun
439,C-13396,bon de commande,Terminée,aucun
440,C-13384,bon de commande,Terminée,aucun
441,C-13356,bon de commande,Terminée,aucun
442,C-13336,bon de commande,Terminée,aucun
443,C-13332,bon de commande,Terminée,aucun
444,C-13329,bon de commande,Terminée,aucun
445,C-13328,bon de commande,Terminée,aucun
446,C-13312,bon de commande,Terminée,aucun
447,C-13184,bon de commande,Terminée,aucun
448,C-13183,bon de commande,Terminée,aucun
449,C-13171,bon de commande,Terminée,aucun
450,C-13170,bon de commande,Terminée,aucun
451,C-13148,bon de commande,Terminée,aucun
452,C-13132,bon de commande,Terminée,aucun
453,C-13120,bon de commande,Terminée,aucun
454,C-13115,bon de commande,Terminée,aucun
455,C-13067,bon de commande,Terminée,aucun
456,C-13051,bon de commande,Terminée,aucun
457,C-13033,bon de commande,Terminée,aucun
458,C-13032,bon de commande,Terminée,aucun
459,C-13031,bon de commande,Terminée,aucun
460,C-12960,bon de commande,Terminée,aucun
461,C-12959,bon de commande,Terminée,aucun
462,C-12954,bon de commande,Terminée,aucun
463,C-12952,bon de commande,Terminée,aucun
464,C-12951,bon de commande,Terminée,aucun
465,C-12950,bon de commande,Terminée,aucun
466,C-12949,bon de commande,Terminée,aucun
467,C-12947,bon de commande,Terminée,aucun
468,C-12919,bon de commande,Terminée,aucun
469,C-12918,bon de commande,Terminée,aucun
470,C-12916,bon de commande,Terminée,aucun
471,C-12915,bon de commande,Terminée,aucun
472,C-12914,bon de commande,Terminée,aucun
473,C-12912,bon de commande,Terminée,aucun
474,C-12910,bon de commande,Terminée,aucun
475,C-12909,bon de commande,Terminée,aucun
476,C-12908,bon de commande,Terminée,aucun
477,C-12907,bon de commande,Terminée,aucun
478,C-12906,bon de commande,Terminée,aucun
479,C-12905,bon de commande,Terminée,aucun
480,C-12904,bon de commande,Terminée,aucun
481,C-12903,bon de commande,Terminée,aucun
482,C-12902,bon de commande,Terminée,aucun
483,C-12901,bon de commande,Terminée,aucun
484,C-12900,bon de commande,Terminée,aucun
485,C-12898,bon de commande,Terminée,aucun
486,C-12896,bon de commande,Terminée,aucun
487,C-12895,bon de commande,Terminée,aucun
488,C-12894,bon de commande,Terminée,aucun
489,C-12893,bon de commande,Terminée,aucun
490,C-12892,bon de commande,Terminée,aucun
491,C-12890,bon de commande,Terminée,aucun
492,C-12889,bon de commande,Terminée,aucun
493,C-12888,bon de commande,Terminée,aucun
494,C-12886,bon de commande,Terminée,aucun
495,C-12885,bon de commande,Terminée,aucun
496,C-12884,bon de commande,Terminée,aucun
497,C-12882,bon de commande,Terminée,aucun
498,C-12880,bon de commande,Terminée,aucun
499,C-12879,bon de commande,Terminée,aucun
500,C-12878,bon de commande,Terminée,aucun
501,C-12875,bon de commande,Terminée,aucun
502,C-12874,bon de commande,Terminée,aucun
503,C-12873,bon de commande,Terminée,aucun
504,C-12864,bon de commande,Terminée,aucun
505,C-12851,bon de commande,Terminée,aucun
506,C-12836,bon de commande,Terminée,aucun
507,C-12835,bon de commande,Terminée,aucun
508,C-12834,bon de commande,Terminée,aucun
509,C-12786,bon de commande,Terminée,aucun
510,C-12718,bon de commande,Terminée,aucun
511,C-12717,bon de commande,Terminée,aucun
512,C-12712,bon de commande,Terminée,aucun
513,C-12711,bon de commande,Terminée,aucun
514,C-12710,bon de commande,Terminée,aucun
515,C-12637,bon de commande,Terminée,aucun
516,C-12634,bon de commande,Terminée,aucun
517,C-12632,bon de commande,Terminée,aucun
518,C-12631,bon de commande,Terminée,aucun
519,C-12630,bon de commande,Terminée,aucun
520,C-12629,bon de commande,Terminée,aucun
521,C-12612,bon de commande,Terminée,aucun
522,C-12609,bon de commande,Terminée,aucun
523,C-12608,bon de commande,Terminée,aucun
524,C-12592,bon de commande,Terminée,aucun
525,C-12591,bon de commande,Terminée,aucun
526,C-12539,bon de commande,Terminée,aucun
527,C-12500,bon de commande,Terminée,aucun
528,C-12367,bon de commande,Terminée,aucun
529,C-12202,bon de commande,Terminée,aucun
530,C-12201,bon de commande,Terminée,aucun
531,C-12200,bon de commande,Terminée,aucun
532,C-12199,bon de commande,Terminée,aucun
533,C-12198,bon de commande,Terminée,aucun
534,C-12196,bon de commande,Terminée,aucun
535,C-12192,bon de commande,Terminée,aucun
536,C-12098,bon de commande,Terminée,aucun
537,C-12085,bon de commande,Terminée,aucun
538,C-12084,bon de commande,Terminée,aucun
539,C-12067,bon de commande,Terminée,aucun
540,C-12064,bon de commande,Terminée,aucun
541,C-12015,bon de commande,Terminée,aucun
542,C-11943,bon de commande,Terminée,aucun
543,C-11941,bon de commande,Terminée,aucun
544,C-11939,bon de commande,Terminée,aucun
545,C-11935,bon de commande,Terminée,aucun
546,C-11933,bon de commande,Terminée,aucun
547,C-11932,bon de commande,Terminée,aucun
548,C-11929,bon de commande,Terminée,aucun
549,C-11928,bon de commande,Terminée,aucun
550,C-11926,bon de commande,Terminée,aucun
551,C-11925,bon de commande,Terminée,aucun
552,C-11920,bon de commande,Terminée,aucun
553,C-11919,bon de commande,Terminée,aucun
554,C-11898,bon de commande,Terminée,aucun
555,C-11893,bon de commande,Terminée,aucun
556,C-11891,bon de commande,Terminée,aucun
557,C-11889,bon de commande,Terminée,aucun
558,F-11888,facture,terminé,Pay in Person
559,F-14135,facture,terminé,Pay in Person
560,F-14134,facture,terminé,Pay in Person
561,F-11868,facture,terminé,Pay in Person
562,F-14118,facture,terminé,Pay in Person
563,F-14103,facture,terminé,Pay in Person
564,F-14082,facture,terminé,Wallet payment
565,F-14077,facture,terminé,Wallet payment
566,F-14076,facture,terminé,Pay in Person
567,F-14075,facture,terminé,Pay in Person
568,F-14074,facture,terminé,Wallet payment
569,F-14073,facture,terminé,Pay in Person
570,F-14072,facture,terminé,Wallet payment
571,F-14071,facture,terminé,Pay in Person
572,F-14069,facture,terminé,Pay in Person
573,F-14068,facture,terminé,Pay in Person
574,F-14067,facture,terminé,Pay in Person
575,F-14064,facture,terminé,Wallet payment
576,F-14063,facture,terminé,Pay in Person
577,F-14062,facture,terminé,Wallet payment
578,F-14061,facture,terminé,Pay in Person
579,F-14059,facture,terminé,Pay in Person
580,F-14058,facture,terminé,Wallet payment
581,F-14057,facture,terminé,Wallet payment
582,F-14055,facture,terminé,Pay in Person
583,F-14054,facture,terminé,Pay in Person
584,F-14053,facture,terminé,Pay in Person
585,F-14052,facture,terminé,Pay in Person
586,F-14051,facture,terminé,Pay in Person
587,F-14049,facture,terminé,Pay in Person
588,F-14047,facture,terminé,Pay in Person
589,F-14041,facture,terminé,Pay in Person
590,F-14039,facture,terminé,Pay in Person
591,F-14027,facture,terminé,Pay in Person
592,F-14021,facture,terminé,Pay in Person
593,F-14019,facture,terminé,Pay in Person
594,F-14018,facture,terminé,Pay in Person
595,F-14006,facture,terminé,Pay in Person
596,F-14005,facture,terminé,Pay in Person
597,F-14004,facture,terminé,Pay in Person
598,F-14003,facture,terminé,Pay in Person
599,F-14001,facture,terminé,Wallet payment
600,F-14000,facture,terminé,Pay in Person
601,F-13999,facture,terminé,Pay in Person
602,F-13998,facture,terminé,Pay in Person
603,F-13997,facture,terminé,Pay in Person
604,F-13995,facture,terminé,Pay in Person
605,F-13993,facture,terminé,Pay in Person
606,F-13992,facture,terminé,Pay in Person
607,F-13991,facture,terminé,Pay in Person
608,F-13990,facture,terminé,Pay in Person
609,F-13988,facture,terminé,Pay in Person
610,F-13987,facture,terminé,Pay in Person
611,F-13986,facture,terminé,Pay in Person
612,F-13984,facture,terminé,Pay in Person
613,F-13983,facture,terminé,Wallet payment
614,F-13981,facture,terminé,Pay in Person
615,F-13980,facture,terminé,Pay in Person
616,F-13978,facture,terminé,Wallet payment
617,F-13976,facture,terminé,Pay in Person
618,F-11869,facture,terminé,Pay in Person
619,F-13975,facture,terminé,Pay in Person
620,F-13974,facture,terminé,Pay in Person
621,F-13973,facture,terminé,Pay in Person
622,F-13971,facture,terminé,Pay in Person
623,F-13969,facture,terminé,Wallet payment
624,F-13966,facture,terminé,Pay in Person
625,F-13965,facture,terminé,Pay in Person
626,F-13962,facture,terminé,Pay in Person
627,F-13961,facture,terminé,Wallet payment
628,F-13960,facture,terminé,Wallet payment
629,F-13958,facture,terminé,Pay in Person
630,F-13957,facture,terminé,Wallet payment
631,F-13955,facture,terminé,Wallet payment
632,F-13954,facture,terminé,Wallet payment
633,F-13953,facture,terminé,Pay in Person
634,F-13952,facture,terminé,Wallet payment
635,F-13949,facture,terminé,Pay in Person
636,F-13943,facture,terminé,Pay in Person
637,F-13942,facture,terminé,Wallet payment
638,F-13941,facture,terminé,Pay in Person
639,F-13937,facture,terminé,Pay in Person
640,F-13931,facture,terminé,Pay in Person
641,F-13930,facture,terminé,Wallet payment
642,F-13927,facture,terminé,Pay in Person
643,F-13926,facture,terminé,Pay in Person
644,F-13923,facture,terminé,Pay in Person
645,F-13922,facture,terminé,Pay in Person
646,F-13921,facture,terminé,Pay in Person
647,F-13920,facture,terminé,Pay in Person
648,F-13918,facture,terminé,Pay in Person
649,F-13911,facture,terminé,Pay in Person
650,F-13910,facture,terminé,Pay in Person
651,F-13897,facture,terminé,Pay in Person
652,F-13896,facture,terminé,Pay in Person
653,F-13895,facture,terminé,Pay in Person
654,F-13894,facture,terminé,Pay in Person
655,F-13889,facture,terminé,Pay in Person
656,F-13888,facture,terminé,Pay in Person
657,F-13887,facture,terminé,Pay in Person
658,F-13827,facture,terminé,Pay in Person
659,F-13826,facture,terminé,Pay in Person
660,F-13825,facture,terminé,Pay in Person
661,F-13806,facture,terminé,Pay in Person
662,F-13804,facture,terminé,Wallet payment
663,F-13803,facture,terminé,Pay in Person
664,F-13773,facture,terminé,Pay in Person
665,F-13739,facture,terminé,Wallet payment
666,F-13736,facture,terminé,Wallet payment
667,F-13735,facture,terminé,Pay in Person
668,F-13733,facture,terminé,Pay in Person
669,F-13729,facture,terminé,Pay in Person
670,F-13728,facture,terminé,Pay in Person
671,F-13727,facture,terminé,Pay in Person
672,F-13726,facture,terminé,Wallet payment
673,F-13724,facture,terminé,Pay in Person
674,F-13723,facture,terminé,Pay in Person
675,F-13722,facture,terminé,Pay in Person
676,F-13721,facture,terminé,Pay in Person
677,F-13710,facture,terminé,Pay in Person
678,F-13709,facture,terminé,Pay in Person
679,F-13708,facture,terminé,Pay in Person
680,F-13707,facture,terminé,Wallet payment
681,F-13706,facture,terminé,Pay in Person
682,F-13703,facture,terminé,Wallet payment
683,F-13701,facture,terminé,Pay in Person
684,F-13700,facture,terminé,Pay in Person
685,F-13699,facture,terminé,Pay in Person
686,F-13697,facture,terminé,Pay in Person
687,F-13695,facture,terminé,Pay in Person
688,F-13693,facture,terminé,Pay in Person
689,F-13692,facture,terminé,Pay in Person
690,F-13691,facture,terminé,Unknown
691,F-13689,facture,terminé,Pay in Person
692,F-13688,facture,terminé,Unknown
693,F-13687,facture,terminé,Pay in Person
694,F-13686,facture,terminé,Wallet payment
695,F-13685,facture,terminé,Pay in Person
696,F-13684,facture,terminé,Pay in Person
697,F-13683,facture,terminé,Wallet payment
698,F-13682,facture,terminé,Pay in Person
699,F-13681,facture,terminé,Wallet payment
700,F-13680,facture,terminé,Wallet payment
701,F-13679,facture,terminé,Wallet payment
702,F-13677,facture,terminé,Pay in Person
703,F-13675,facture,terminé,Pay in Person
704,F-13672,facture,terminé,Pay in Person
705,F-13671,facture,terminé,Pay in Person
706,F-13670,facture,terminé,Pay in Person
707,F-13669,facture,terminé,Wallet payment
708,F-13666,facture,terminé,Pay in Person
709,F-13665,facture,terminé,Pay in Person
710,F-13664,facture,terminé,Pay in Person
711,F-13663,facture,terminé,Wallet payment
712,F-13662,facture,terminé,Pay in Person
713,F-13661,facture,terminé,Wallet payment
714,F-13660,facture,terminé,Wallet payment
715,F-13659,facture,terminé,Wallet payment
716,F-13658,facture,terminé,Pay in Person
717,F-13657,facture,terminé,Pay in Person
718,F-13646,facture,terminé,Wallet payment
719,F-13643,facture,terminé,Pay in Person
720,F-13641,facture,terminé,Pay in Person
721,F-13640,facture,terminé,Pay in Person
722,F-13639,facture,terminé,Pay in Person
723,F-13638,facture,terminé,Pay in Person
724,F-13630,facture,terminé,Pay in Person
725,F-13629,facture,terminé,Wallet payment
726,F-13578,facture,terminé,Pay in Person
727,F-13577,facture,terminé,Pay in Person
728,F-13576,facture,terminé,Pay in Person
729,F-13575,facture,terminé,Pay in Person
730,F-13573,facture,terminé,Pay in Person
731,F-13571,facture,terminé,Pay in Person
732,F-13569,facture,terminé,Pay in Person
733,F-13568,facture,terminé,Pay in Person
734,F-13566,facture,terminé,Pay in Person
735,F-13564,facture,terminé,Pay in Person
736,F-13563,facture,terminé,Pay in Person
737,F-13561,facture,terminé,Pay in Person
738,F-13560,facture,terminé,Pay in Person
739,F-13559,facture,terminé,Unknown
740,F-13558,facture,terminé,Pay in Person
741,F-13557,facture,terminé,Wallet payment
742,F-13556,facture,terminé,Pay in Person
743,F-13555,facture,terminé,Pay in Person
744,F-13554,facture,terminé,Pay in Person
745,F-13553,facture,terminé,Pay in Person
746,F-13552,facture,terminé,Pay in Person
747,F-13551,facture,terminé,Wallet payment
748,F-13550,facture,terminé,Pay in Person
749,F-13548,facture,terminé,Pay in Person
750,F-13547,facture,terminé,Pay in Person
751,F-13546,facture,terminé,Pay in Person
752,F-13545,facture,terminé,Pay in Person
753,F-13544,facture,terminé,Pay in Person
754,F-13538,facture,terminé,Unknown
755,F-13537,facture,terminé,Pay in Person
756,F-13536,facture,terminé,Pay in Person
757,F-13535,facture,terminé,Pay in Person
758,F-13534,facture,terminé,Unknown
759,F-13532,facture,terminé,Wallet payment
760,F-13531,facture,terminé,Wallet payment
761,F-13530,facture,terminé,Pay in Person
762,F-13528,facture,terminé,Pay in Person
763,F-13527,facture,terminé,Wallet payment
764,F-13526,facture,terminé,Pay in Person
765,F-13525,facture,terminé,Unknown
766,F-13523,facture,terminé,Pay in Person
767,F-13522,facture,terminé,Unknown
768,F-13521,facture,terminé,Pay in Person
769,F-13518,facture,terminé,Pay in Person
770,F-13516,facture,terminé,Autre
771,F-13515,facture,terminé,Pay in Person
772,F-13511,facture,terminé,Wallet payment
773,F-13510,facture,terminé,Pay in Person
774,F-13509,facture,terminé,Wallet payment
775,F-13508,facture,terminé,Pay in Person
776,F-13507,facture,terminé,Pay in Person
777,F-13506,facture,terminé,Pay in Person
778,F-13505,facture,terminé,Pay in Person
779,F-13503,facture,terminé,Pay in Person
780,F-13502,facture,terminé,Pay in Person
781,F-13500,facture,terminé,Wallet payment
782,F-13499,facture,terminé,Pay in Person
783,F-13498,facture,terminé,Wallet payment
784,F-13496,facture,terminé,Pay in Person
785,F-13495,facture,terminé,Pay in Person
786,F-13494,facture,terminé,Pay in Person
787,F-13493,facture,terminé,Pay in Person
788,F-13492,facture,terminé,Pay in Person
789,F-13491,facture,terminé,Pay in Person
790,F-13490,facture,terminé,Pay in Person
791,F-13489,facture,terminé,Pay in Person
792,F-13487,facture,terminé,Pay in Person
793,F-13486,facture,terminé,Pay in Person
794,F-13484,facture,terminé,Pay in Person
795,F-13482,facture,terminé,Pay in Person
796,F-13481,facture,terminé,Pay in Person
797,F-13480,facture,terminé,Wallet payment
798,F-13479,facture,terminé,Wallet payment
799,F-13478,facture,terminé,Wallet payment
800,F-13477,facture,terminé,Unknown
801,F-13476,facture,terminé,Pay in Person
802,F-13475,facture,terminé,Pay in Person
803,F-13473,facture,terminé,Pay in Person
804,F-13472,facture,terminé,Wallet payment
805,F-13471,facture,terminé,Pay in Person
806,F-13463,facture,terminé,Pay in Person
807,F-13460,facture,terminé,Pay in Person
808,F-13457,facture,terminé,Wallet payment
809,F-13454,facture,terminé,Pay in Person
810,F-13452,facture,terminé,Pay in Person
811,F-13450,facture,terminé,Wallet payment
812,F-13449,facture,terminé,Pay in Person
813,F-13448,facture,terminé,Pay in Person
814,F-13447,facture,terminé,Pay in Person
815,F-13446,facture,terminé,Wallet payment
816,F-13443,facture,terminé,Pay in Person
817,F-13441,facture,terminé,Pay in Person
818,F-13440,facture,terminé,Pay in Person
819,F-13434,facture,terminé,Pay in Person
820,F-13433,facture,terminé,Pay in Person
821,F-13415,facture,terminé,Pay in Person
822,F-13397,facture,terminé,Pay in Person
823,F-13396,facture,terminé,Pay in Person
824,F-13384,facture,terminé,Pay in Person
825,F-13356,facture,terminé,Pay in Person
826,F-13336,facture,terminé,Pay in Person
827,F-13332,facture,terminé,Wallet payment
828,F-13329,facture,terminé,Pay in Person
829,F-13328,facture,terminé,Pay in Person
830,F-13312,facture,terminé,Pay in Person
831,F-13184,facture,terminé,Pay in Person
832,F-13183,facture,terminé,Pay in Person
833,F-13171,facture,terminé,Pay in Person
834,F-13170,facture,terminé,Pay in Person
835,F-13148,facture,terminé,Unknown
836,F-13132,facture,terminé,Pay in Person
837,F-13120,facture,terminé,Pay in Person
838,F-13115,facture,terminé,Pay in Person
839,F-13067,facture,terminé,Pay in Person
840,F-13051,facture,terminé,Pay in Person
841,F-13033,facture,terminé,Pay in Person
842,F-13032,facture,terminé,Pay in Person
843,F-13031,facture,terminé,Pay in Person
844,F-12960,facture,terminé,Wallet payment
845,F-12959,facture,terminé,Pay in Person
846,F-12954,facture,terminé,Unknown
847,F-12952,facture,terminé,Pay in Person
848,F-12951,facture,terminé,Unknown
849,F-12950,facture,terminé,Pay in Person
850,F-12949,facture,terminé,Pay in Person
851,F-12947,facture,terminé,Pay in Person
852,F-12919,facture,terminé,Unknown
853,F-12918,facture,terminé,Pay in Person
854,F-12916,facture,terminé,Pay in Person
855,F-12915,facture,terminé,Pay in Person
856,F-12914,facture,terminé,Pay in Person
857,F-12912,facture,terminé,Pay in Person
858,F-12910,facture,terminé,Pay in Person
859,F-12909,facture,terminé,Pay in Person
860,F-12908,facture,terminé,Pay in Person
861,F-12907,facture,terminé,Pay in Person
862,F-12906,facture,terminé,Pay in Person
863,F-12905,facture,terminé,Pay in Person
864,F-12904,facture,terminé,Pay in Person
865,F-12903,facture,terminé,Pay in Person
866,F-12902,facture,terminé,Pay in Person
867,F-12901,facture,terminé,Pay in Person
868,F-12900,facture,terminé,Pay in Person
869,F-12898,facture,terminé,Pay in Person
870,F-12896,facture,terminé,Pay in Person
871,F-12895,facture,terminé,Pay in Person
872,F-12894,facture,terminé,Pay in Person
873,F-12893,facture,terminé,Pay in Person
874,F-12892,facture,terminé,Pay in Person
875,F-12890,facture,terminé,Pay in Person
876,F-12889,facture,terminé,Pay in Person
877,F-12888,facture,terminé,Pay in Person
878,F-12886,facture,terminé,Pay in Person
879,F-12885,facture,terminé,Pay in Person
880,F-12884,facture,terminé,Pay in Person
881,F-12882,facture,terminé,Pay in Person
882,F-12880,facture,terminé,Pay in Person
883,F-12879,facture,terminé,Pay in Person
884,F-12878,facture,terminé,Pay in Person
885,F-12875,facture,terminé,Unknown
886,F-12874,facture,terminé,Unknown
887,F-12873,facture,terminé,Pay in Person
888,F-12864,facture,terminé,Pay in Person
889,F-12851,facture,terminé,Pay in Person
890,F-12836,facture,terminé,Pay in Person
891,F-12835,facture,terminé,Pay in Person
892,F-12834,facture,terminé,Pay in Person
893,F-12786,facture,terminé,Pay in Person
894,F-12718,facture,terminé,Pay in Person
895,F-12717,facture,terminé,Pay in Person
896,F-12712,facture,terminé,Wallet payment
897,F-12711,facture,terminé,Pay in Person
898,F-12710,facture,terminé,Pay in Person
899,F-12637,facture,terminé,Wallet payment
900,F-12634,facture,terminé,Wallet payment
901,F-12632,facture,terminé,Wallet payment
902,F-12631,facture,terminé,Pay in Person
903,F-12630,facture,terminé,Wallet payment
904,F-12629,facture,terminé,Pay in Person
905,F-12612,facture,terminé,Wallet payment
906,F-12609,facture,terminé,Pay in Person
907,F-12608,facture,terminé,Pay in Person
908,F-12592,facture,terminé,Pay in Person
909,F-12591,facture,terminé,Pay in Person
910,F-12539,facture,terminé,Pay in Person
911,F-12500,facture,terminé,Pay in Person
912,F-12367,facture,terminé,Pay in Person
913,F-12202,facture,terminé,Pay in Person
914,F-12201,facture,terminé,Pay in Person
915,F-12200,facture,terminé,Pay in Person
916,F-12199,facture,terminé,Pay in Person
917,F-12198,facture,terminé,Pay in Person
918,F-12196,facture,terminé,Pay in Person
919,F-12192,facture,terminé,Pay in Person
920,F-12098,facture,terminé,Pay in Person
921,F-12085,facture,terminé,Pay in Person
922,F-12084,facture,terminé,Pay in Person
923,F-12067,facture,terminé,Pay in Person
924,F-12064,facture,terminé,Pay in Person
925,F-12015,facture,terminé,Pay in Person
926,F-11943,facture,terminé,Pay in Person
927,F-11941,facture,terminé,Pay in Person
928,F-11939,facture,terminé,Pay in Person
929,F-11935,facture,terminé,Pay in Person
930,F-11933,facture,terminé,Pay in Person
931,F-11932,facture,terminé,Pay in Person
932,F-11929,facture,terminé,Pay in Person
933,F-11928,facture,terminé,Paymee
934,F-11926,facture,terminé,Pay in Person
935,F-11925,facture,terminé,Pay in Person
936,F-11920,facture,terminé,Pay in Person
937,F-11919,facture,terminé,Pay in Person
938,F-11898,facture,terminé,Pay in Person
939,F-11893,facture,terminé,Pay in Person
940,F-11891,facture,terminé,Pay in Person
941,F-11889,facture,terminé,Pay in Person
942,L-11888,bon de livraison,terminé,aucun
943,L-14135,bon de livraison,terminé,aucun
944,L-14134,bon de livraison,terminé,aucun
945,L-11868,bon de livraison,terminé,aucun
946,L-14118,bon de livraison,terminé,aucun
947,L-14103,bon de livraison,terminé,aucun
948,L-14082,bon de livraison,terminé,aucun
949,L-14077,bon de livraison,terminé,aucun
950,L-14076,bon de livraison,terminé,aucun
951,L-14075,bon de livraison,terminé,aucun
952,L-14074,bon de livraison,terminé,aucun
953,L-14073,bon de livraison,terminé,aucun
954,L-14072,bon de livraison,terminé,aucun
955,L-14071,bon de livraison,terminé,aucun
956,L-14069,bon de livraison,terminé,aucun
957,L-14068,bon de livraison,terminé,aucun
958,L-14067,bon de livraison,terminé,aucun
959,L-14064,bon de livraison,terminé,aucun
960,L-14063,bon de livraison,terminé,aucun
961,L-14062,bon de livraison,terminé,aucun
962,L-14061,bon de livraison,terminé,aucun
963,L-14059,bon de livraison,terminé,aucun
964,L-14058,bon de livraison,terminé,aucun
965,L-14057,bon de livraison,terminé,aucun
966,L-14055,bon de livraison,terminé,aucun
967,L-14054,bon de livraison,terminé,aucun
968,L-14053,bon de livraison,terminé,aucun
969,L-14052,bon de livraison,terminé,aucun
970,L-14051,bon de livraison,terminé,aucun
971,L-14049,bon de livraison,terminé,aucun
972,L-14047,bon de livraison,terminé,aucun
973,L-14041,bon de livraison,terminé,aucun
974,L-14039,bon de livraison,terminé,aucun
975,L-14027,bon de livraison,terminé,aucun
976,L-14021,bon de livraison,terminé,aucun
977,L-14019,bon de livraison,terminé,aucun
978,L-14018,bon de livraison,terminé,aucun
979,L-14006,bon de livraison,terminé,aucun
980,L-14005,bon de livraison,terminé,aucun
981,L-14004,bon de livraison,terminé,aucun
982,L-14003,bon de livraison,terminé,aucun
983,L-14001,bon de livraison,terminé,aucun
984,L-14000,bon de livraison,terminé,aucun
985,L-13999,bon de livraison,terminé,aucun
986,L-13998,bon de livraison,terminé,aucun
987,L-13997,bon de livraison,terminé,aucun
988,L-13995,bon de livraison,terminé,aucun
989,L-13993,bon de livraison,terminé,aucun
990,L-13992,bon de livraison,terminé,aucun
991,L-13991,bon de livraison,terminé,aucun
992,L-13990,bon de livraison,terminé,aucun
993,L-13988,bon de livraison,terminé,aucun
994,L-13987,bon de livraison,terminé,aucun
995,L-13986,bon de livraison,terminé,aucun
996,L-13984,bon de livraison,terminé,aucun
997,L-13983,bon de livraison,terminé,aucun
998,L-13981,bon de livraison,terminé,aucun
999,L-13980,bon de livraison,terminé,aucun
1000,L-13978,bon de livraison,terminé,aucun
1001,L-13976,bon de livraison,terminé,aucun
1002,L-11869,bon de livraison,terminé,aucun
1003,L-13975,bon de livraison,terminé,aucun
1004,L-13974,bon de livraison,terminé,aucun
1005,L-13973,bon de livraison,terminé,aucun
1006,L-13971,bon de livraison,terminé,aucun
1007,L-13969,bon de livraison,terminé,aucun
1008,L-13966,bon de livraison,terminé,aucun
1009,L-13965,bon de livraison,terminé,aucun
1010,L-13962,bon de livraison,terminé,aucun
1011,L-13961,bon de livraison,terminé,aucun
1012,L-13960,bon de livraison,terminé,aucun
1013,L-13958,bon de livraison,terminé,aucun
1014,L-13957,bon de livraison,terminé,aucun
1015,L-13955,bon de livraison,terminé,aucun
1016,L-13954,bon de livraison,terminé,aucun
1017,L-13953,bon de livraison,terminé,aucun
1018,L-13952,bon de livraison,terminé,aucun
1019,L-13949,bon de livraison,terminé,aucun
1020,L-13943,bon de livraison,terminé,aucun
1021,L-13942,bon de livraison,terminé,aucun
1022,L-13941,bon de livraison,terminé,aucun
1023,L-13937,bon de livraison,terminé,aucun
1024,L-13931,bon de livraison,terminé,aucun
1025,L-13930,bon de livraison,terminé,aucun
1026,L-13927,bon de livraison,terminé,aucun
1027,L-13926,bon de livraison,terminé,aucun
1028,L-13923,bon de livraison,terminé,aucun
1029,L-13922,bon de livraison,terminé,aucun
1030,L-13921,bon de livraison,terminé,aucun
1031,L-13920,bon de livraison,terminé,aucun
1032,L-13918,bon de livraison,terminé,aucun
1033,L-13911,bon de livraison,terminé,aucun
1034,L-13910,bon de livraison,terminé,aucun
1035,L-13897,bon de livraison,terminé,aucun
1036,L-13896,bon de livraison,terminé,aucun
1037,L-13895,bon de livraison,terminé,aucun
1038,L-13894,bon de livraison,terminé,aucun
1039,L-13889,bon de livraison,terminé,aucun
1040,L-13888,bon de livraison,terminé,aucun
1041,L-13887,bon de livraison,terminé,aucun
1042,L-13827,bon de livraison,terminé,aucun
1043,L-13826,bon de livraison,terminé,aucun
1044,L-13825,bon de livraison,terminé,aucun
1045,L-13806,bon de livraison,terminé,aucun
1046,L-13804,bon de livraison,terminé,aucun
1047,L-13803,bon de livraison,terminé,aucun
1048,L-13773,bon de livraison,terminé,aucun
1049,L-13739,bon de livraison,terminé,aucun
1050,L-13736,bon de livraison,terminé,aucun
1051,L-13735,bon de livraison,terminé,aucun
1052,L-13733,bon de livraison,terminé,aucun
1053,L-13729,bon de livraison,terminé,aucun
1054,L-13728,bon de livraison,terminé,aucun
1055,L-13727,bon de livraison,terminé,aucun
1056,L-13726,bon de livraison,terminé,aucun
1057,L-13724,bon de livraison,terminé,aucun
1058,L-13723,bon de livraison,terminé,aucun
1059,L-13722,bon de livraison,terminé,aucun
1060,L-13721,bon de livraison,terminé,aucun
1061,L-13710,bon de livraison,terminé,aucun
1062,L-13709,bon de livraison,terminé,aucun
1063,L-13708,bon de livraison,terminé,aucun
1064,L-13707,bon de livraison,terminé,aucun
1065,L-13706,bon de livraison,terminé,aucun
1066,L-13703,bon de livraison,terminé,aucun
1067,L-13701,bon de livraison,terminé,aucun
1068,L-13700,bon de livraison,terminé,aucun
1069,L-13699,bon de livraison,terminé,aucun
1070,L-13697,bon de livraison,terminé,aucun
1071,L-13695,bon de livraison,terminé,aucun
1072,L-13693,bon de livraison,terminé,aucun
1073,L-13692,bon de livraison,terminé,aucun
1074,L-13691,bon de livraison,terminé,aucun
1075,L-13689,bon de livraison,terminé,aucun
1076,L-13688,bon de livraison,terminé,aucun
1077,L-13687,bon de livraison,terminé,aucun
1078,L-13686,bon de livraison,terminé,aucun
1079,L-13685,bon de livraison,terminé,aucun
1080,L-13684,bon de livraison,terminé,aucun
1081,L-13683,bon de livraison,terminé,aucun
1082,L-13682,bon de livraison,terminé,aucun
1083,L-13681,bon de livraison,terminé,aucun
1084,L-13680,bon de livraison,terminé,aucun
1085,L-13679,bon de livraison,terminé,aucun
1086,L-13677,bon de livraison,terminé,aucun
1087,L-13675,bon de livraison,terminé,aucun
1088,L-13672,bon de livraison,terminé,aucun
1089,L-13671,bon de livraison,terminé,aucun
1090,L-13670,bon de livraison,terminé,aucun
1091,L-13669,bon de livraison,terminé,aucun
1092,L-13666,bon de livraison,terminé,aucun
1093,L-13665,bon de livraison,terminé,aucun
1094,L-13664,bon de livraison,terminé,aucun
1095,L-13663,bon de livraison,terminé,aucun
1096,L-13662,bon de livraison,terminé,aucun
1097,L-13661,bon de livraison,terminé,aucun
1098,L-13660,bon de livraison,terminé,aucun
1099,L-13659,bon de livraison,terminé,aucun
1100,L-13658,bon de livraison,terminé,aucun
1101,L-13657,bon de livraison,terminé,aucun
1102,L-13646,bon de livraison,terminé,aucun
1103,L-13643,bon de livraison,terminé,aucun
1104,L-13641,bon de livraison,terminé,aucun
1105,L-13640,bon de livraison,terminé,aucun
1106,L-13639,bon de livraison,terminé,aucun
1107,L-13638,bon de livraison,terminé,aucun
1108,L-13630,bon de livraison,terminé,aucun
1109,L-13629,bon de livraison,terminé,aucun
1110,L-13578,bon de livraison,terminé,aucun
1111,L-13577,bon de livraison,terminé,aucun
1112,L-13576,bon de livraison,terminé,aucun
1113,L-13575,bon de livraison,terminé,aucun
1114,L-13573,bon de livraison,terminé,aucun
1115,L-13571,bon de livraison,terminé,aucun
1116,L-13569,bon de livraison,terminé,aucun
1117,L-13568,bon de livraison,terminé,aucun
1118,L-13566,bon de livraison,terminé,aucun
1119,L-13564,bon de livraison,terminé,aucun
1120,L-13563,bon de livraison,terminé,aucun
1121,L-13561,bon de livraison,terminé,aucun
1122,L-13560,bon de livraison,terminé,aucun
1123,L-13559,bon de livraison,terminé,aucun
1124,L-13558,bon de livraison,terminé,aucun
1125,L-13557,bon de livraison,terminé,aucun
1126,L-13556,bon de livraison,terminé,aucun
1127,L-13555,bon de livraison,terminé,aucun
1128,L-13554,bon de livraison,terminé,aucun
1129,L-13553,bon de livraison,terminé,aucun
1130,L-13552,bon de livraison,terminé,aucun
1131,L-13551,bon de livraison,terminé,aucun
1132,L-13550,bon de livraison,terminé,aucun
1133,L-13548,bon de livraison,terminé,aucun
1134,L-13547,bon de livraison,terminé,aucun
1135,L-13546,bon de livraison,terminé,aucun
1136,L-13545,bon de livraison,terminé,aucun
1137,L-13544,bon de livraison,terminé,aucun
1138,L-13538,bon de livraison,terminé,aucun
1139,L-13537,bon de livraison,terminé,aucun
1140,L-13536,bon de livraison,terminé,aucun
1141,L-13535,bon de livraison,terminé,aucun
1142,L-13534,bon de livraison,terminé,aucun
1143,L-13532,bon de livraison,terminé,aucun
1144,L-13531,bon de livraison,terminé,aucun
1145,L-13530,bon de livraison,terminé,aucun
1146,L-13528,bon de livraison,terminé,aucun
1147,L-13527,bon de livraison,terminé,aucun
1148,L-13526,bon de livraison,terminé,aucun
1149,L-13525,bon de livraison,terminé,aucun
1150,L-13523,bon de livraison,terminé,aucun
1151,L-13522,bon de livraison,terminé,aucun
1152,L-13521,bon de livraison,terminé,aucun
1153,L-13518,bon de livraison,terminé,aucun
1154,L-13516,bon de livraison,terminé,aucun
1155,L-13515,bon de livraison,terminé,aucun
1156,L-13511,bon de livraison,terminé,aucun
1157,L-13510,bon de livraison,terminé,aucun
1158,L-13509,bon de livraison,terminé,aucun
1159,L-13508,bon de livraison,terminé,aucun
1160,L-13507,bon de livraison,terminé,aucun
1161,L-13506,bon de livraison,terminé,aucun
1162,L-13505,bon de livraison,terminé,aucun
1163,L-13503,bon de livraison,terminé,aucun
1164,L-13502,bon de livraison,terminé,aucun
1165,L-13500,bon de livraison,terminé,aucun
1166,L-13499,bon de livraison,terminé,aucun
1167,L-13498,bon de livraison,terminé,aucun
1168,L-13496,bon de livraison,terminé,aucun
1169,L-13495,bon de livraison,terminé,aucun
1170,L-13494,bon de livraison,terminé,aucun
1171,L-13493,bon de livraison,terminé,aucun
1172,L-13492,bon de livraison,terminé,aucun
1173,L-13491,bon de livraison,terminé,aucun
1174,L-13490,bon de livraison,terminé,aucun
1175,L-13489,bon de livraison,terminé,aucun
1176,L-13487,bon de livraison,terminé,aucun
1177,L-13486,bon de livraison,terminé,aucun
1178,L-13484,bon de livraison,terminé,aucun
1179,L-13482,bon de livraison,terminé,aucun
1180,L-13481,bon de livraison,terminé,aucun
1181,L-13480,bon de livraison,terminé,aucun
1182,L-13479,bon de livraison,terminé,aucun
1183,L-13478,bon de livraison,terminé,aucun
1184,L-13477,bon de livraison,terminé,aucun
1185,L-13476,bon de livraison,terminé,aucun
1186,L-13475,bon de livraison,terminé,aucun
1187,L-13473,bon de livraison,terminé,aucun
1188,L-13472,bon de livraison,terminé,aucun
1189,L-13471,bon de livraison,terminé,aucun
1190,L-13463,bon de livraison,terminé,aucun
1191,L-13460,bon de livraison,terminé,aucun
1192,L-13457,bon de livraison,terminé,aucun
1193,L-13454,bon de livraison,terminé,aucun
1194,L-13452,bon de livraison,terminé,aucun
1195,L-13450,bon de livraison,terminé,aucun
1196,L-13449,bon de livraison,terminé,aucun
1197,L-13448,bon de livraison,terminé,aucun
1198,L-13447,bon de livraison,terminé,aucun
1199,L-13446,bon de livraison,terminé,aucun
1200,L-13443,bon de livraison,terminé,aucun
1201,L-13441,bon de livraison,terminé,aucun
1202,L-13440,bon de livraison,terminé,aucun
1203,L-13434,bon de livraison,terminé,aucun
1204,L-13433,bon de livraison,terminé,aucun
1205,L-13415,bon de livraison,terminé,aucun
1206,L-13397,bon de livraison,terminé,aucun
1207,L-13396,bon de livraison,terminé,aucun
1208,L-13384,bon de livraison,terminé,aucun
1209,L-13356,bon de livraison,terminé,aucun
1210,L-13336,bon de livraison,terminé,aucun
1211,L-13332,bon de livraison,terminé,aucun
1212,L-13329,bon de livraison,terminé,aucun
1213,L-13328,bon de livraison,terminé,aucun
1214,L-13312,bon de livraison,terminé,aucun
1215,L-13184,bon de livraison,terminé,aucun
1216,L-13183,bon de livraison,terminé,aucun
1217,L-13171,bon de livraison,terminé,aucun
1218,L-13170,bon de livraison,terminé,aucun
1219,L-13148,bon de livraison,terminé,aucun
1220,L-13132,bon de livraison,terminé,aucun
1221,L-13120,bon de livraison,terminé,aucun
1222,L-13115,bon de livraison,terminé,aucun
1223,L-13067,bon de livraison,terminé,aucun
1224,L-13051,bon de livraison,terminé,aucun
1225,L-13033,bon de livraison,terminé,aucun
1226,L-13032,bon de livraison,terminé,aucun
1227,L-13031,bon de livraison,terminé,aucun
1228,L-12960,bon de livraison,terminé,aucun
1229,L-12959,bon de livraison,terminé,aucun
1230,L-12954,bon de livraison,terminé,aucun
1231,L-12952,bon de livraison,terminé,aucun
1232,L-12951,bon de livraison,terminé,aucun
1233,L-12950,bon de livraison,terminé,aucun
1234,L-12949,bon de livraison,terminé,aucun
1235,L-12947,bon de livraison,terminé,aucun
1236,L-12919,bon de livraison,terminé,aucun
1237,L-12918,bon de livraison,terminé,aucun
1238,L-12916,bon de livraison,terminé,aucun
1239,L-12915,bon de livraison,terminé,aucun
1240,L-12914,bon de livraison,terminé,aucun
1241,L-12912,bon de livraison,terminé,aucun
1242,L-12910,bon de livraison,terminé,aucun
1243,L-12909,bon de livraison,terminé,aucun
1244,L-12908,bon de livraison,terminé,aucun
1245,L-12907,bon de livraison,terminé,aucun
1246,L-12906,bon de livraison,terminé,aucun
1247,L-12905,bon de livraison,terminé,aucun
1248,L-12904,bon de livraison,terminé,aucun
1249,L-12903,bon de livraison,terminé,aucun
1250,L-12902,bon de livraison,terminé,aucun
1251,L-12901,bon de livraison,terminé,aucun
1252,L-12900,bon de livraison,terminé,aucun
1253,L-12898,bon de livraison,terminé,aucun
1254,L-12896,bon de livraison,terminé,aucun
1255,L-12895,bon de livraison,terminé,aucun
1256,L-12894,bon de livraison,terminé,aucun
1257,L-12893,bon de livraison,terminé,aucun
1258,L-12892,bon de livraison,terminé,aucun
1259,L-12890,bon de livraison,terminé,aucun
1260,L-12889,bon de livraison,terminé,aucun
1261,L-12888,bon de livraison,terminé,aucun
1262,L-12886,bon de livraison,terminé,aucun
1263,L-12885,bon de livraison,terminé,aucun
1264,L-12884,bon de livraison,terminé,aucun
1265,L-12882,bon de livraison,terminé,aucun
1266,L-12880,bon de livraison,terminé,aucun
1267,L-12879,bon de livraison,terminé,aucun
1268,L-12878,bon de livraison,terminé,aucun
1269,L-12875,bon de livraison,terminé,aucun
1270,L-12874,bon de livraison,terminé,aucun
1271,L-12873,bon de livraison,terminé,aucun
1272,L-12864,bon de livraison,terminé,aucun
1273,L-12851,bon de livraison,terminé,aucun
1274,L-12836,bon de livraison,terminé,aucun
1275,L-12835,bon de livraison,terminé,aucun
1276,L-12834,bon de livraison,terminé,aucun
1277,L-12786,bon de livraison,terminé,aucun
1278,L-12718,bon de livraison,terminé,aucun
1279,L-12717,bon de livraison,terminé,aucun
1280,L-12712,bon de livraison,terminé,aucun
1281,L-12711,bon de livraison,terminé,aucun
1282,L-12710,bon de livraison,terminé,aucun
1283,L-12637,bon de livraison,terminé,aucun
1284,L-12634,bon de livraison,terminé,aucun
1285,L-12632,bon de livraison,terminé,aucun
1286,L-12631,bon de livraison,terminé,aucun
1287,L-12630,bon de livraison,terminé,aucun
1288,L-12629,bon de livraison,terminé,aucun
1289,L-12612,bon de livraison,terminé,aucun
1290,L-12609,bon de livraison,terminé,aucun
1291,L-12608,bon de livraison,terminé,aucun
1292,L-12592,bon de livraison,terminé,aucun
1293,L-12591,bon de livraison,terminé,aucun
1294,L-12539,bon de livraison,terminé,aucun
1295,L-12500,bon de livraison,terminé,aucun
1296,L-12367,bon de livraison,terminé,aucun
1297,L-12202,bon de livraison,terminé,aucun
1298,L-12201,bon de livraison,terminé,aucun
1299,L-12200,bon de livraison,terminé,aucun
1300,L-12199,bon de livraison,terminé,aucun
1301,L-12198,bon de livraison,terminé,aucun
1302,L-12196,bon de livraison,terminé,aucun
1303,L-12192,bon de livraison,terminé,aucun
1304,L-12098,bon de livraison,terminé,aucun
1305,L-12085,bon de livraison,terminé,aucun
1306,L-12084,bon de livraison,terminé,aucun
1307,L-12067,bon de livraison,terminé,aucun
1308,L-12064,bon de livraison,terminé,aucun
1309,L-12015,bon de livraison,terminé,aucun
1310,L-11943,bon de livraison,terminé,aucun
1311,L-11941,bon de livraison,terminé,aucun
1312,L-11939,bon de livraison,terminé,aucun
1313,L-11935,bon de livraison,terminé,aucun
1314,L-11933,bon de livraison,terminé,aucun
1315,L-11932,bon de livraison,terminé,aucun
1316,L-11929,bon de livraison,terminé,aucun
1317,L-11928,bon de livraison,terminé,aucun
1318,L-11926,bon de livraison,terminé,aucun
1319,L-11925,bon de livraison,terminé,aucun
1320,L-11920,bon de livraison,terminé,aucun
1321,L-11919,bon de livraison,terminé,aucun
1322,L-11898,bon de livraison,terminé,aucun
1323,L-11893,bon de livraison,terminé,aucun
1324,L-11891,bon de livraison,terminé,aucun
1325,L-11889,bon de livraison,terminé,aucun
1326,TPV3447,facture_achat,payé,Unknown
1327,109,facture_achat,payé,Unknown
1328,FA2500447,facture_achat,payé,Unknown
1329,FC-25/0110,facture_achat,payé,Unknown
1330,8485,facture_achat,payé,Unknown
1331,FAC-2501426,facture_achat,payé,Unknown
1332,FAC-2500573,facture_achat,payé,Unknown
1333,FAC-2501814,facture_achat,payé,Unknown
1334,FAC-2500410,facture_achat,payé,Unknown
1335,FAC-2500485,facture_achat,payé,Unknown
1336,52,facture_achat,payé,Unknown
1337,2025/00036,facture_achat,payé,Unknown
1338,FAC/2025/0003,facture_achat,payé,Unknown
1339,2502328852,facture_achat,payé,Unknown
1340,2503327305,facture_achat,payé,Unknown
1341,2406665915,facture_achat,payé,Unknown
1342,2407310086,facture_achat,payé,Unknown
1343,2408321262,facture_achat,payé,Unknown
1344,2409312465,facture_achat,payé,Unknown
1345,2410335026,facture_achat,payé,Unknown
1346,2411337100,facture_achat,payé,Unknown
1347,20250037V,facture_achat,payé,Unknown
1348,20250108V,facture_achat,payé,Unknown
1349,20250137V,facture_achat,payé,Unknown
1350,20250019V,facture_achat,payé,Unknown
1351,20250138V,facture_achat,payé,Unknown
1352,20250107V,facture_achat,payé,Unknown
1353,20250026V,facture_achat,payé,Unknown
1354,20250096V,facture_achat,payé,Unknown
1355,20250090V,facture_achat,payé,Unknown
1356,20250005V,facture_achat,payé,Unknown
1357,20240175V,facture_achat,payé,Unknown
1358,264/09-2025,facture_achat,payé,Unknown
1359,INV-2022-0029748,facture_achat,payé,Unknown
1360,F25P1025,facture_achat,payé,Unknown
1361,F25P1024,facture_achat,payé,Unknown
1362,F25P1033,facture_achat,payé,Unknown
1363,556,facture_achat,payé,Unknown
1364,2025/030005530,facture_achat,payé,Unknown
1365,2026/000004,facture_achat,payé,Unknown
1366,Quincaillerie Generale ,facture_achat,payé,Unknown
1367,Restaurant Les 3 Singes,facture_achat,payé,Unknown
1368,FA06572,facture_achat,payé,Unknown
1369,TU-25002676,facture_achat,payé,Unknown
1370,TU-25003876,facture_achat,payé,Unknown
1371,N003/2025,facture_achat,payé,Unknown
1372,Djelassi,facture_achat,payé,Unknown
1373,838,facture_achat,payé,Unknown
1374,Bilel ElFEKI,facture_achat,payé,Unknown
1375,6468,facture_achat,payé,Unknown
1376,2,facture_achat,payé,Unknown
1418,141,facture_achat,payé,Unknown
1419,214,facture_achat,payé,Unknown
1420,005/2025,facture_achat,payé,Unknown
1421,009/2025,facture_achat,payé,Unknown
1422,KERAMOS,facture_achat,payé,Unknown
1423,0018/2025,facture_achat,payé,Unknown
1424,004/2025,facture_achat,payé,Unknown
1425,FA254329,facture_achat,payé,Unknown
1426,FA244908,facture_achat,payé,Unknown
1427,FA244776,facture_achat,payé,Unknown
1428,FA246364,facture_achat,payé,Unknown
1429,Unknown,Unknown,Unknown,Unknown
1430,9252690761513312-9236159083166485,transactions,payé,MasterCard · 6850
1431,9259170954198633-9299348483514209,transactions,payé,MasterCard · 6850
1432,9259821404133588-9259821414133587,transactions,payé,MasterCard · 6850
1433,9254809081301480-9711812905601099,transactions,payé,MasterCard · 6850
1434,9712892112159845-9239354492846944,transactions,payé,MasterCard · 6850
1435,9191705877611805-9330962650352790,transactions,payé,MasterCard · 6850
1436,9306491119466612-9230212453761142,transactions,payé,MasterCard · 6850
1437,9232569610192093-9234092973373089,transactions,payé,MasterCard · 6850
1438,9255062514609475-9241349239314130,transactions,payé,MasterCard · 6850
1439,9353602398088815-9327761767339547,transactions,payé,MasterCard · 6850
1440,9303480863100972-9826432947472427,transactions,payé,MasterCard · 6850
1441,9827232584059130-9416988271750229,transactions,payé,MasterCard · 6850
1442,9359547114161007-9339250182857371,transactions,payé,MasterCard · 6850
1443,1001440108379699555,ordre de virement,payé,virement
1444,2001440108379699555,ordre de virement,payé,virement
1445,3001440108379699555,ordre de virement,payé,virement
1446,4001440108379699555,ordre de virement,payé,virement
1447,5001440108379699555,ordre de virement,payé,virement
1448,6001440108379699555,ordre de virement,payé,virement
1449,7001440108379699555,ordre de virement,payé,virement
1450,8001440108379699555,ordre de virement,payé,virement
1451,9001440108379699555,ordre de virement,payé,virement
1452,100014400887969955,ordre de virement,payé,virement
1453,11001440108379699555,ordre de virement,payé,virement
1454,lunnette_adset_2,facture_publicitaire,payé,Unknown
1455,Ad Set teeth ghazi1,facture_publicitaire,payé,Unknown
1456,lunnette_adset_1,facture_publicitaire,payé,Unknown
1457,lunnette_adset_4,facture_publicitaire,payé,Unknown
1458,ad set 1_moe8,facture_publicitaire,payé,Unknown
1459,ad set 1_moe2,facture_publicitaire,payé,Unknown
1377,4,facture_achat,payé,Unknown
1378,Karim BALAH,facture_achat,payé,Unknown
1379,MARWEN ZAYANA,facture_achat,payé,Unknown
1380,Oc�an bougies,facture_achat,payé,Unknown
1381,5301,facture_achat,payé,Unknown
1382,Steg,facture_achat,payé,Unknown
1383,SONEDE,facture_achat,payé,Unknown
1384,81,facture_achat,payé,Unknown
1385,70,facture_achat,payé,Unknown
1386,64,facture_achat,payé,Unknown
1387,58,facture_achat,payé,Unknown
1388,STE AVENIR,facture_achat,payé,Unknown
1389,177,facture_achat,payé,Unknown
1390,FAC250375,facture_achat,payé,Unknown
1391,FAC250512,facture_achat,payé,Unknown
1392,FAC241984,facture_achat,payé,Unknown
1393,FAC-000005,facture_achat,payé,Unknown
1394,TUN/1900447491-DOI,facture_achat,payé,Unknown
1395,TUN/1900448250-DOI,facture_achat,payé,Unknown
1396,TUN/1900452688-DOI,facture_achat,payé,Unknown
1397,TUN/1900453630-DOI,facture_achat,payé,Unknown
1398,TUN/1900454380-DOI,facture_achat,payé,Unknown
1399,TUN/1900458272-DOI,facture_achat,payé,Unknown
1400,TUN/1900459050-DOI,facture_achat,payé,Unknown
1401,TUN/1900461801-DOI,facture_achat,payé,Unknown
1402,TUN/1900465636-DOI,facture_achat,payé,Unknown
1403,TUN/1900468165-DOI,facture_achat,payé,Unknown
1404,TUN/1900469666-DOI,facture_achat,payé,Unknown
1405,TUN/1900475808-DOI,facture_achat,payé,Unknown
1406,TUN/1900478981-DOI,facture_achat,payé,Unknown
1407,TUN/1900481602-DOI,facture_achat,payé,Unknown
1408,TUN/1900487549-DOI,facture_achat,payé,Unknown
1409,201,facture_achat,payé,Unknown
1410,203,facture_achat,payé,Unknown
1411,25002591 / 2025,facture_achat,payé,Unknown
1412,32158669,facture_achat,payé,Unknown
1413,32232390,facture_achat,payé,Unknown
1414,32380653,facture_achat,payé,Unknown
1415,32303670,facture_achat,payé,Unknown
1416,20250007,facture_achat,payé,Unknown
1417,20250006,facture_achat,payé,Unknown
1460,ad set 1,facture_publicitaire,payé,Unknown
1461,ad set 1_moe6,facture_publicitaire,payé,Unknown
1462,adset6_DOU2,facture_publicitaire,payé,Unknown
1463,adset7_DOU1,facture_publicitaire,payé,Unknown
1464,Ad Set teeth moemen2,facture_publicitaire,payé,Unknown
1465,Ad Set teeth douraid2,facture_publicitaire,payé,Unknown
1466,Ad Set teeth moemen1,facture_publicitaire,payé,Unknown
1467,ad set 2,facture_publicitaire,payé,Unknown
1468,ad set 2gh6,facture_publicitaire,payé,Unknown
1469,ad set 1_moe1,facture_publicitaire,payé,Unknown
1470,ad set 2gh7,facture_publicitaire,payé,Unknown
1471,ad set 1gh9,facture_publicitaire,payé,Unknown
1472,ad set 1gh7,facture_publicitaire,payé,Unknown
1473,ad set 1_moe4,facture_publicitaire,payé,Unknown
1474,adset5_DOU2,facture_publicitaire,payé,Unknown
1475,lunnette_adset_3,facture_publicitaire,payé,Unknown
1476,Ad Set teeth douraid1,facture_publicitaire,payé,Unknown
1477,ad set 2gh8,facture_publicitaire,payé,Unknown
1478,ad set 2gh9,facture_publicitaire,payé,Unknown
1479,ad set 1_moe7,facture_publicitaire,payé,Unknown
1480,ad set 1gh6,facture_publicitaire,payé,Unknown
1481,ad set 2_moe8,facture_publicitaire,payé,Unknown
1482,ad set 1_moe5,facture_publicitaire,payé,Unknown
1483,ad set 2_moe6,facture_publicitaire,payé,Unknown
1484,Adset1_sbabet,facture_publicitaire,payé,Unknown
1485,ad set 2_moe7,facture_publicitaire,payé,Unknown
1486,ad set 1gh8,facture_publicitaire,payé,Unknown
1487,ad set 2_moe5,facture_publicitaire,payé,Unknown
1488,ad set 2gh5,facture_publicitaire,payé,Unknown
1489,adset4_DOU1,facture_publicitaire,payé,Unknown
1490,adset7_DOU2,facture_publicitaire,payé,Unknown
1491,adset2_DOU1,facture_publicitaire,payé,Unknown
1492,lunnette_adset_5,facture_publicitaire,payé,Unknown
1493,adset_hismile_douraid,facture_publicitaire,payé,Unknown
1494,adset_DOU2,facture_publicitaire,payé,Unknown
1495,adset_DOU1,facture_publicitaire,payé,Unknown
1496,ad set 2_moe1,facture_publicitaire,payé,Unknown
1497,adset2_DOU2,facture_publicitaire,payé,Unknown
1498,ad set 2_moe4,facture_publicitaire,payé,Unknown
1499,adset3_DOU2,facture_publicitaire,payé,Unknown
1500,adset3_DOU1,facture_publicitaire,payé,Unknown
1501,ad set 2_moe2,facture_publicitaire,payé,Unknown
1502,Adset2_sbabet,facture_publicitaire,payé,Unknown
1503,adset4_DOU2,facture_publicitaire,payé,Unknown
1504,adset5_DOU1,facture_publicitaire,payé,Unknown
1505,ad set 2_moe3,facture_publicitaire,payé,Unknown
1506,ad set 1_moe3,facture_publicitaire,payé,Unknown
1507,adset6_DOU1,facture_publicitaire,payé,Unknown
1508,ad set 1gh5,facture_publicitaire,payé,Unknown
