Fact_financePK,DateFK,CustomerFK,SupplierFk,DocumentFK,Total_HT,Total_TTC
1,20250221,0,66,1326,205.607,220
2,20250123,0,94,1327,1250,1488.5
3,20250728,0,95,1328,680,434.008
4,20250728,0,95,1328,680,434.008
5,20250728,0,95,1328,680,434.008
6,20250205,0,96,1329,0,251.451
7,20250205,0,96,1329,0,251.451
8,20250205,0,96,1329,0,251.451
9,20250205,0,96,1329,0,251.451
10,20250205,0,96,1329,0,251.451
11,20250205,0,96,1329,0,251.451
12,20250205,0,96,1329,0,251.451
13,20250205,0,96,1329,0,251.451
14,20250205,0,96,1329,0,251.451
15,20250205,0,96,1329,0,251.451
16,20250205,0,96,1329,0,251.451
17,20250102,0,97,1330,1000,1071
18,20250718,0,30,1331,180,298.5
19,20250718,0,30,1331,70,298.5
20,20250327,0,30,1332,108,129.52
21,20250910,0,30,1333,180,298.5
22,20250910,0,30,1333,70,298.5
23,20250228,0,30,1334,680,1940.7
24,20250228,0,30,1334,320,1940.7
25,20250228,0,30,1334,630,1940.7
26,20250313,0,30,1335,847.7,1370.036
27,20250313,0,30,1335,302.75,1370.036
28,20241108,0,29,1336,1250,1250
29,20250128,0,58,1337,0,43
30,20250128,0,58,1337,0,43
31,20250128,0,58,1337,0,43
32,20250205,0,98,1338,252.3,1965.734
33,20250205,0,98,1338,182.1,1965.734
34,20250205,0,98,1338,1401.8,1965.734
35,20250201,0,99,1339,75.63,102.6
36,20250301,0,99,1340,25.21,34.2
37,20240601,0,99,1341,64.286,87.21
38,20240701,0,99,1342,64.286,87.21
39,20240801,0,99,1343,64.286,87.21
40,20240901,0,99,1344,64.286,87.21
41,20241001,0,99,1345,64.286,87.21
42,20241101,0,99,1346,64.286,87.21
43,20250402,0,15,1347,18700,20010
44,20250923,0,15,1348,90,422.58
45,20250923,0,15,1348,28,422.58
46,20250923,0,15,1348,60,422.58
47,20250923,0,15,1348,216,422.58
48,20251111,0,15,1349,60,161.5
49,20251111,0,15,1349,90,161.5
50,20250212,0,15,1350,150,456.82
51,20250212,0,15,1350,72,456.82
52,20250212,0,15,1350,102,456.82
53,20250212,0,15,1350,102,456.82
54,20251111,0,15,1351,90,408.349
55,20251111,0,15,1351,297,408.349
56,20250923,0,15,1352,90,874.12
57,20250923,0,15,1352,84,874.12
58,20250923,0,15,1352,300,874.12
59,20250923,0,15,1352,270,874.12
60,20250923,0,15,1352,72,874.12
61,20250226,0,15,1353,13050,13964.5
62,20250829,0,15,1354,150,1678.76
63,20250829,0,15,1354,150,1678.76
64,20250829,0,15,1354,140,1678.76
65,20250829,0,15,1354,300,1678.76
66,20250829,0,15,1354,270,1678.76
67,20250829,0,15,1354,84,1678.76
68,20250829,0,15,1354,270,1678.76
69,20250829,0,15,1354,204,1678.76
70,20250818,0,15,1355,32.71,741.86
71,20250818,0,15,1355,61.682,741.86
72,20250818,0,15,1355,24,741.86
73,20250818,0,15,1355,90,741.86
74,20250818,0,15,1355,28,741.86
75,20250818,0,15,1355,180,741.86
76,20250818,0,15,1355,54,741.86
77,20250818,0,15,1355,135,741.86
78,20250818,0,15,1355,36,741.86
79,20250818,0,15,1355,51,741.86
80,20250114,0,15,1356,150,1377.02
81,20250114,0,15,1356,150,1377.02
82,20250114,0,15,1356,140,1377.02
83,20250114,0,15,1356,270,1377.02
84,20250114,0,15,1356,72,1377.02
85,20250114,0,15,1356,102,1377.02
86,20250114,0,15,1356,100,1377.02
87,20250114,0,15,1356,102,1377.02
88,20241222,0,15,1357,150,889.1
89,20241222,0,15,1357,140,889.1
90,20241222,0,15,1357,540,889.1
91,20250908,0,100,1358,0,499.37
92,20250908,0,100,1358,0,0
93,20250203,0,70,1359,88.536,195.636
94,20250203,0,70,1359,49.98,195.636
95,20250203,0,70,1359,57.12,195.636
96,20251208,0,88,1360,1997.5,4755.05
97,20251208,0,88,1360,1997.5,4755.05
98,20251208,0,88,1361,1440,4091.625
99,20251208,0,88,1361,1997.5,4091.625
100,20251209,0,88,1362,998.75,3566.538
101,20251209,0,88,1362,998.75,3566.538
102,20251209,0,88,1362,998.75,3566.538
103,20250327,0,77,1363,0,60
104,20250327,0,77,1363,0,60
105,20250718,0,101,1364,0,11.467
106,20280106,0,102,1365,0,461.006
107,20280106,0,102,1365,0,461.006
108,20280106,0,102,1365,0,461.006
109,20280106,0,102,1365,0,461.006
110,20250814,0,0,1366,0,46
111,20250815,0,0,1366,0,46
112,20250424,0,0,1367,0,162.5
113,20250427,0,0,1367,0,110
114,20241127,0,0,1367,0,183.5
115,20241214,0,0,1367,0,375
116,20241206,0,0,1367,0,165
117,20241207,0,0,1367,0,315
118,20241224,0,0,1367,0,295.5
119,20250127,0,105,1368,37,40.59
120,20250210,0,71,1369,28,29.96
121,20250210,0,71,1369,24,25.68
122,20250227,0,71,1370,6,6.42
123,20250227,0,71,1370,7,7.49
124,20250203,0,76,1371,360,771.4
125,20250203,0,76,1371,360,771.4
126,20241230,0,106,1372,0,0
127,20241230,0,106,1372,0,0
128,20251129,0,107,1373,240,0
129,20251129,0,107,1373,270,0
130,20251129,0,107,1373,175,0
131,20251129,0,107,1373,297,0
132,20251129,0,107,1373,99,0
133,20251129,0,107,1373,50,0
134,20251129,0,107,1373,22,0
135,0,0,107,1374,225,0
136,0,0,107,1374,84,0
137,0,0,107,1374,150,0
138,0,0,107,1374,188,0
139,0,0,107,1374,250,0
140,20250219,0,108,1375,2900,0
141,20250122,0,57,1376,2350,0
142,20250420,0,109,1377,17391,18700
143,20250325,0,109,1376,13458,14400
144,20241205,0,31,1378,7395,0
145,20241205,0,31,1378,8700,0
146,20241209,0,0,0,0,0
147,20250813,0,110,1379,325,0
148,20250813,0,110,1379,275,0
149,20250813,0,110,1379,80,0
150,20250813,0,110,1379,100,0
151,20250917,0,111,1380,78,0
152,20250917,0,111,1380,60,0
153,20250821,0,112,1381,84100,0
154,0,0,0,1382,0,1484
155,0,0,0,1383,0,91.9
156,0,0,0,1383,0,95.5
157,20250921,0,115,1384,264,0
158,20250921,0,115,1384,24,0
159,20250921,0,115,1384,36,0
160,20250921,0,115,1384,48,0
161,20250921,0,115,1384,56,0
162,20250819,0,115,1385,144,0
163,20250819,0,115,1385,36,0
164,20250819,0,115,1385,21,0
165,20250819,0,115,1385,45,0
166,20250819,0,115,1385,60,0
167,20250804,0,115,1386,272,0
168,20240124,0,115,1387,600,0
169,20240124,0,115,1387,90,0
170,20240124,0,115,1387,140,0
171,20240124,0,115,1387,187.5,0
172,20240124,0,115,1387,175,0
173,20240124,0,115,1387,675,0
174,20250218,0,116,1388,80,0
175,20250218,0,116,1388,12,0
176,20250217,0,63,1389,7,0
177,20250217,0,63,1389,7,0
178,20250217,0,63,1389,7,0
179,20250217,0,63,1389,7,0
180,20250217,0,63,1389,7,0
181,20250217,0,63,1389,7,0
182,20250217,0,63,1389,7,0
183,20250217,0,63,1389,7,0
184,20250217,0,63,1389,7,0
185,20250217,0,63,1389,7,0
186,20250217,0,63,1389,7,0
187,20250217,0,63,1389,7,0
188,20250217,0,63,1389,7,0
189,20250217,0,63,1389,7,0
190,20250217,0,63,1389,7,0
191,20250217,0,63,1389,7,0
192,20250217,0,63,1389,7,0
193,20250217,0,63,1389,7,0
194,20250217,0,63,1389,7,0
195,20250217,0,63,1389,7,0
196,20250217,0,63,1389,7,0
197,20250217,0,63,1389,7,0
198,20250217,0,63,1389,7,0
199,20250217,0,63,1389,7,0
200,20250224,0,27,1390,50,61.095
201,20250310,0,27,1391,100,121.19
202,20241121,0,27,1392,625,752.188
203,20250212,0,25,1393,96,104.747
204,20260905,0,117,1394,19.5,21.87
205,20260905,0,117,1394,19.5,21.87
206,20260905,0,117,1394,19.5,21.87
207,20270305,0,117,1395,35.5,35.78
208,20270305,0,117,1395,35.5,35.78
209,20270305,0,117,1395,35.5,35.78
210,20270305,0,117,1395,35.5,35.78
211,20270305,0,117,1395,35.5,35.78
212,20251006,0,117,1396,7,8.49
213,20260506,0,117,1397,13,14.91
214,20260506,0,117,1397,13,14.91
215,20261206,0,117,1398,6.5,7.96
216,20250907,0,117,1399,7.5,14.91
217,20250907,0,117,1399,7.5,14.91
218,20260307,0,117,1400,13,14.91
219,20260307,0,117,1400,13,14.91
220,20270707,0,117,1401,13,14.91
221,20270707,0,117,1401,13,14.91
222,20270707,0,117,1401,13,14.91
223,20270208,0,117,1402,27.5,30.43
224,20270208,0,117,1402,27.5,30.43
225,20270208,0,117,1402,27.5,30.43
226,20270208,0,117,1402,27.5,30.43
227,20270708,0,117,1403,13,14.91
228,20270708,0,117,1403,13,14.91
229,20270708,0,117,1403,13,14.91
230,20270708,0,117,1403,13,14.91
231,20251009,0,117,1404,19.5,21.87
232,20251009,0,117,1404,19.5,21.87
233,20251009,0,117,1404,19.5,21.87
234,20260310,0,117,1405,13,14.91
235,20260310,0,117,1405,13,14.91
236,20270710,0,117,1406,6.5,7.96
237,20251111,0,117,1407,13,14.91
238,20251111,0,117,1407,13,14.91
239,20260412,0,117,1408,7,8.49
240,20250811,0,84,1409,325,391.618
241,20251106,0,84,1410,325,391.618
242,20250718,0,118,1411,24.075,29.649
243,20250718,0,118,1411,24.075,29.649
244,20250228,0,119,1412,294.956,365
245,20250331,0,119,1413,191.236,237
246,20250531,0,119,1414,136.133,169
247,20250430,0,119,1415,186.372,231
248,20250221,0,67,1416,332.8,400.992
249,20250205,0,67,1417,168.07,1946.013
250,20250205,0,67,1417,420.17,1946.013
251,20250205,0,67,1417,546.22,1946.013
252,20250205,0,67,1417,92.435,1946.013
253,20250205,0,67,1417,134.455,1946.013
254,20250205,0,67,1417,126.055,1946.013
255,20250205,0,67,1417,147.06,1946.013
256,20250211,0,68,1418,14,17.66
257,20250227,0,68,1419,130,155.7
258,20250131,0,120,1420,510,511
259,20250131,0,120,1420,510,511
260,20250213,0,120,1421,255,256
261,20250213,0,120,1421,255,256
262,20250506,0,120,1422,240,241
263,20251127,0,120,1422,100,100
264,20251127,0,120,1422,100,100
265,20251127,0,120,1422,100,100
266,20250815,0,120,1422,60,60
267,20250815,0,120,1422,60,60
268,20250422,0,120,1423,405,406
269,20250814,0,120,1422,1125,1125
270,20250814,0,120,1422,1125,1125
271,20250826,0,120,1422,565,565
272,20250826,0,120,1422,565,565
273,20250826,0,120,1422,565,565
274,20250826,0,120,1422,565,565
275,20250826,0,120,1422,565,565
276,20250826,0,120,1422,565,565
277,20250826,0,120,1422,565,565
278,20250826,0,120,1422,565,565
279,20251027,0,120,1424,190,190
280,20251027,0,120,1424,190,190
281,20251027,0,120,1424,190,190
282,20251027,0,120,1424,190,190
283,20251118,0,0,1425,675,1607.5
284,20251118,0,0,1425,675,1607.5
285,20241121,0,0,1426,18.9,78.826
286,20241121,0,0,1426,11.8,78.826
287,20241121,0,0,1426,17.8,78.826
288,20241121,0,0,1426,16.9,78.826
289,20241114,0,28,1427,9000,10711
290,20241223,0,0,1428,189,225.91
291,0,0,121,72,58025,20715.926
292,0,0,121,72,58025,20715.926
293,0,0,121,73,58025,13810.95
294,0,0,121,73,58025,13810.95
295,0,0,121,74,58025,34525.875
296,0,0,121,74,58025,34525.875
297,0,0,121,75,2194.5,2612.455
298,0,0,121,76,7475,3738.5
299,0,0,121,76,7475,3738.5
300,0,0,121,76,7475,3738.5
301,0,0,121,76,7475,3738.5
302,0,0,121,77,300,301
303,0,0,121,78,7475,3738.5
304,0,0,121,78,7475,3738.5
305,0,0,121,78,7475,3738.5
306,0,0,121,78,7475,3738.5
307,0,0,121,79,224.34,267.965
308,0,0,121,79,224.34,267.965
309,0,0,121,79,224.34,267.965
310,0,0,121,79,224.34,267.965
311,0,0,121,80,50000,59501
312,0,0,121,81,1785,2125.15
313,0,0,121,82,1720,2047.8
314,0,0,121,82,1720,2047.8
315,0,0,121,83,560,667.4
316,0,0,121,83,560,667.4
317,0,0,121,83,560,667.4
318,0,0,121,83,560,667.4
319,0,0,121,84,584,695.96
320,0,0,121,84,584,695.96
321,0,0,121,84,584,695.96
322,0,0,121,84,584,695.96
323,0,0,121,85,544,648.36
324,0,0,121,85,544,648.36
325,0,0,121,85,544,648.36
326,0,0,121,85,544,648.36
327,0,0,121,86,352,419.88
328,0,0,121,86,352,419.88
329,0,0,121,87,416,496.04
330,0,0,121,87,416,496.04
331,0,0,121,87,416,496.04
332,0,0,121,88,527,628.13
333,0,0,121,88,527,628.13
334,0,0,121,88,527,628.13
335,0,0,121,88,527,628.13
336,0,0,121,88,527,628.13
337,0,0,121,79,352,419.88
338,0,0,121,79,352,419.88
339,0,0,121,79,352,419.88
340,0,0,121,89,576,686.44
341,0,0,121,89,576,686.44
342,0,0,121,89,576,686.44
343,0,0,121,89,576,686.44
344,0,0,121,89,576,686.44
345,0,0,121,90,276,329.44
346,0,0,121,90,276,329.44
347,0,0,121,90,276,329.44
348,0,0,121,91,384,457.96
349,0,0,121,91,384,457.96
350,0,0,121,91,384,457.96
351,0,0,121,91,384,457.96
352,0,0,121,91,384,457.96
353,0,0,121,92,320,381.8
354,0,0,121,92,320,381.8
355,0,0,121,92,320,381.8
356,0,0,121,93,484,576.96
357,0,0,121,93,484,576.96
358,0,0,121,93,484,576.96
359,0,0,121,93,484,576.96
360,0,0,121,93,484,576.96
361,0,0,121,93,484,576.96
362,0,0,121,93,484,576.96
363,0,0,121,94,224,267.56
364,0,0,121,94,224,267.56
365,0,0,121,95,352,419.88
366,0,0,121,95,352,419.88
367,0,0,121,95,352,419.88
368,0,0,121,96,605,720.95
369,0,0,121,96,605,720.95
370,0,0,121,96,605,720.95
371,0,0,121,96,605,720.95
372,0,0,121,96,605,720.95
373,0,0,121,97,160,191.4
374,0,0,121,97,160,191.4
375,0,0,121,98,160,191.4
376,0,0,121,98,160,191.4
377,0,0,121,99,224,267.56
378,0,0,121,99,224,267.56
379,0,0,121,99,224,267.56
380,0,0,121,100,256,305.64
381,0,0,121,100,256,305.64
382,0,0,121,100,256,305.64
383,0,0,121,101,303,361.57
384,0,0,121,101,303,361.57
385,0,0,121,101,303,361.57
386,0,0,121,101,303,361.57
387,0,0,121,102,224,267.56
388,0,0,121,102,224,267.56
389,0,0,121,103,192,229.48
390,0,0,121,103,192,229.48
391,0,0,121,104,32,39.08
392,0,0,121,105,128,153.32
393,0,0,121,106,96,115.24
394,0,0,121,107,96,115.24
395,0,0,121,108,470,471
396,0,0,121,108,470,471
397,0,0,121,100,150,179.5
398,0,0,121,109,19500,23206
399,0,0,121,109,19500,23206
400,0,0,121,109,19500,23206
401,0,0,121,109,19500,23206
402,0,0,121,109,19500,23206
403,0,0,121,110,14592.38,17365.926
404,0,0,121,110,14592.38,17365.926
405,0,0,121,110,14592.38,17365.926
406,0,0,121,111,26784,31873.96
407,0,0,121,112,26784,16096.35
408,0,0,121,113,186,222.34
409,0,0,121,114,200,239
410,0,0,121,115,200,239
