concurrentFK,productFK,price_product
1,1,-1
1,2,-1
1,3,"60,000 TND"
1,4,"15,000 TND"
1,5,"40,000 TND"
1,6,"10,000 TND"
1,7,"255,000 TND"
1,8,"60,000 TND"
1,9,"47,000 TND"
1,10,"65,000 TND"
1,11,"120,000 TND"
1,12,"150,000 TND"
1,13,"120,000 TND"
1,14,"16,000 TND"
1,15,"105,000 TND"
1,16,-1
1,17,"58,000 TND"
1,18,"28,000 TND"
1,19,"90,000 TND"
1,20,"65,000 TND"
1,21,"170,000 TND"
1,22,"12,000 TND"
1,23,"14,000 TND"
1,24,"14,000 TND"
1,25,"12,000 TND"
1,26,"15,000 TND"
1,27,"180,000 TND"
1,28,"35,000 TND"
1,29,"3,000 TND"
1,30,"29,000 TND"
1,31,"38,000 TND"
1,32,"38,000 TND"
1,33,"365,000 TND"
1,34,"140,000 TND"
1,35,"45,000 TND"
1,36,"4,500 TND"
1,37,"175,000 TND"
1,38,"13,000 TND"
1,39,"40,000 TND"
1,40,"85,000 TND"
1,41,"45,000 TND"
1,42,"18,000 TND"
1,43,"30,000 TND"
1,44,"30,000 TND"
1,45,"6,000 TND"
1,46,-1
1,47,-1
1,48,"25,000 TND"
1,49,"290,000 TND"
1,50,"138,000 TND"
1,51,"38,000 TND"
1,0,"80,000 TND"
1,52,"40,000 TND"
1,53,"8,000 TND"
1,54,"85,000 TND"
1,55,-1
1,56,"8,000 TND"
1,57,"135,000 TND"
1,58,"70,000 TND"
1,0,"90,000 TND"
1,59,-1
1,0,-1
1,60,"40,000 TND"
1,61,"60,000 TND"
1,62,-1
1,63,-1
1,0,"19,000 TND"
1,64,"6,000 TND"
1,0,"40,000 TND"
1,65,"25,000 TND"
1,66,"35,000 TND"
1,67,"100,000 TND"
1,68,-1
1,69,"12,000 TND"
1,70,"55,000 TND"
1,71,"13,900 TND"
1,72,"12,500 TND"
1,73,"9,900 TND"
1,74,"120,000 TND"
1,75,"70,000 TND"
1,76,"10,000 TND"
1,0,"470,000 TND"
1,77,"65,000 TND"
1,0,"12,000 TND"
1,78,"280,000 TND"
1,79,"100,000 TND"
1,80,"20,000 TND"
1,81,"240,000 TND"
1,82,"25,000 TND"
1,83,"30,000 TND"
1,84,"80,000 TND"
1,85,"45,000 TND"
1,0,"120,000 TND"
1,86,"35,000 TND"
1,87,"14,000 TND"
1,88,"15,000 TND"
1,89,"10,000 TND"
1,90,"30,000 TND"
1,0,"10,000 TND"
1,91,"15,000 TND"
1,92,"12,000 TND"
1,93,"65,000 TND"
1,94,"30,000 TND"
1,95,"90,000 TND"
1,96,"85,000 TND"
1,97,"20,000 TND"
1,0,"120,000 TND"
1,0,"10,000 TND"
1,98,"50,000 TND"
1,99,"25,000 TND"
1,100,"90,000 TND"
1,101,"110,000 TND"
1,0,"80,000 TND"
1,102,"280,000 TND"
1,0,-1
1,0,"7,000 TND"
1,103,"50,000 TND"
1,104,"7,000 TND"
1,105,"35,000 TND"
1,106,"80,000 TND"
1,107,"30,000 TND"
1,0,"18,000 TND"
1,108,"15,000 TND"
1,0,-1
1,0,"18,000 TND"
1,109,"25,000 TND"
1,110,"147,000 TND"
1,0,"150,000 TND"
1,111,"65,000 TND"
1,0,"48,000 TND"
1,112,"30,000 TND"
1,113,"30,000 TND"
1,0,"150,000 TND"
1,0,"65,000 TND"
1,114,"30,000 TND"
1,115,"20,000 TND"
1,116,"20,000 TND"
1,117,"30,000 TND"
1,0,"7,000 TND"
1,118,"25,000 TND"
1,0,"3,000 TND"
1,119,"6,000 TND"
1,120,"15,000 TND"
1,121,"45,000 TND"
1,122,"170,000 TND"
1,0,"30,000 TND"
1,123,"100,000 TND"
1,124,"130,000 TND"
1,125,-1
1,126,"65,000 TND"
1,127,"12,000 TND"
1,128,"115,000 TND"
1,129,"40,000 TND"
1,130,"120,000 TND"
1,131,"9,000 TND"
1,132,"45,000 TND"
1,133,"55,000 TND"
1,134,"18,000 TND"
1,135,"50,000 TND"
1,136,"45,000 TND"
1,137,"45,000 TND"
1,138,"45,000 TND"
1,139,"15,000 TND"
1,140,"30,000 TND"
1,141,"55,000 TND"
1,142,"45,000 TND"
1,0,"70,000 TND"
1,143,"88,000 TND"
1,144,-1
1,0,"75,000 TND"
1,145,"50,000 TND"
1,146,"7,000 TND"
1,147,"4,000 TND"
1,148,"10,000 TND"
1,0,"10,000 TND"
1,149,"25,000 TND"
1,0,"18,000 TND"
1,0,"25,000 TND"
1,150,"55,000 TND"
1,151,"50,000 TND"
1,152,"35,000 TND"
1,153,"70,000 TND"
1,154,"15,000 TND"
1,0,"45,000 TND"
1,0,"180,000 TND"
1,155,"11,000 TND"
1,156,"80,000 TND"
1,157,"20,000 TND"
1,158,"90,000 TND"
1,159,"195,000 TND"
1,0,"15,000 TND"
1,160,"25,000 TND"
1,161,"45,000 TND"
1,162,"75,000 TND"
1,163,"25,000 TND"
1,164,"25,000 TND"
1,165,"90,000 TND"
1,166,"25,000 TND"
1,167,-1
1,168,"40,000 TND"
1,169,"30,000 TND"
1,170,"40,000 TND"
1,171,"59,000 TND"
1,0,"72,000 TND"
1,172,"70,000 TND"
1,173,"160,000 TND"
1,174,"130,000 TND"
1,175,"20,000 TND"
1,176,"50,000 TND"
1,177,-1
1,178,-1
1,179,"80,000 TND"
1,180,-1
1,181,-1
1,182,-1
1,183,-1
1,184,"8,000 TND"
1,185,"15,000 TND"
1,186,"1.200,000 TND"
1,187,"35,000 TND"
1,188,"8,000 TND"
1,189,"20,000 TND"
1,190,"1,000 TND"
1,191,"3,000 TND"
1,192,"95,000 TND"
1,193,"150,000 TND"
1,194,-1
1,195,"140,000 TND"
1,196,"125,000 TND"
1,197,"85,000 TND"
1,198,"180,000 TND"
1,199,"35,000 TND"
1,200,"15,000 TND"
1,201,"25,000 TND"
1,202,"180,000 TND"
1,203,"60,000 TND"
1,204,"12,000 TND"
1,205,"240,000 TND"
1,206,"68,000 TND"
1,0,"72,000 TND"
1,207,"24,000 TND"
1,208,"35,000 TND"
1,209,"60,000 TND"
1,0,"65,000 TND"
1,210,"280,000 TND"
1,211,"230,000 TND"
1,212,"45,000 TND"
1,213,"87,000 TND"
1,214,"7,000 TND"
1,215,"5,000 TND"
1,216,-1
1,217,"15,000 TND"
1,218,"30,000 TND"
1,219,"26,000 TND"
1,220,"34,900 TND"
1,221,"40,000 TND"
1,222,"45,000 TND"
1,223,"1,500 TND"
1,224,-1
1,225,-1
1,226,"99,000 TND"
1,227,"35,000 TND"
1,228,"4,000 TND"
1,229,"90,000 TND"
1,230,"45,000 TND"
1,231,-1
1,232,-1
1,233,-1
1,234,-1
1,235,-1
1,236,-1
1,237,-1
1,238,"36,000 TND"
1,239,"45,000 TND"
1,240,"45,000 TND"
1,0,"22,000 TND"
1,241,"2,000 TND"
1,242,"45,000 TND"
1,243,"125,000 TND"
1,244,"80,000 TND"
1,245,"25,000 TND"
1,246,"18,000 TND"
1,247,"35,000 TND"
1,248,"25,000 TND"
1,249,"70,000 TND"
1,250,"3,000 TND"
1,0,"40,000 TND"
1,251,"85,000 TND"
1,252,"110,000 TND"
1,253,"230,000 TND"
1,254,"300,000 TND"
1,255,"65,000 TND"
1,256,"25,000 TND"
1,257,"120,000 TND"
1,258,"90,000 TND"
1,259,"80,000 TND"
1,260,"70,000 TND"
1,261,"15,000 TND"
1,262,"9,500 TND"
1,263,"160,000 TND"
1,264,"120,000 TND"
1,265,"120,000 TND"
1,266,"150,000 TND"
1,267,"400,000 TND"
1,268,"250,000 TND"
1,269,"18,000 TND"
1,270,-1
1,271,"80,000 TND"
1,272,"40,000 TND"
1,273,"140,000 TND"
1,274,"35,000 TND"
1,275,"15,000 TND"
1,276,"48,000 TND"
1,277,"50,000 TND"
1,278,"20,000 TND"
1,0,"9,000 TND"
1,0,"150,000 TND"
1,279,"200,000 TND"
1,280,"100,000 TND"
1,281,"35,000 TND"
1,282,"10,000 TND"
1,283,"15,000 TND"
1,284,"40,000 TND"
1,285,"180,000 TND"
1,286,"20,000 TND"
1,0,"80,000 TND"
1,287,"150,000 TND"
1,288,"60,000 TND"
1,289,"50,000 TND"
1,290,"142,600 TND"
1,0,"120,000 TND"
1,291,"6,000 TND"
1,292,"40,000 TND"
1,293,"14,000 TND"
1,294,"70,000 TND"
1,295,"52,000 TND"
1,296,"8,000 TND"
1,297,"150,000 TND"
1,298,"35,000 TND"
1,299,"30,000 TND"
1,300,"90,000 TND"
1,0,"90,000 TND"
1,301,"20,000 TND"
1,302,"35,000 TND"
1,303,"78,000 TND"
1,304,"159,000 TND"
1,305,-1
1,306,-1
1,0,-1
1,307,-1
1,308,"9,900 TND"
1,309,"100,000 TND"
1,310,-1
1,311,"15,000 TND"
1,312,-1
1,313,"70,000 TND"
1,314,"50,000 TND"
1,315,-1
1,316,"30,000 TND"
1,317,-1
1,318,-1
1,319,-1
1,320,-1
1,321,-1
1,322,-1
1,323,-1
1,324,-1
1,325,-1
1,326,-1
1,327,-1
1,328,-1
1,329,-1
1,330,-1
1,331,-1
1,332,"18,000 TND"
1,333,-1
1,334,-1
1,335,-1
1,336,-1
1,337,-1
1,338,-1
1,339,-1
1,340,-1
1,341,-1
1,342,-1
1,343,"35,000 TND"
1,344,"120,000 TND"
1,345,"220,000 TND"
1,346,-1
1,347,-1
1,348,-1
1,349,-1
1,350,-1
1,351,"150,000 TND"
1,352,-1
1,353,"30,000 TND"
1,354,"15,000 TND"
1,355,"68,000 TND"
1,356,"110,000 TND"
1,357,"180,000 TND"
1,358,"20,000 TND"
1,359,"2,500 TND"
1,360,"8,000 TND"
1,361,"80,000 TND"
1,362,"8,000 TND"
1,363,"75,000 TND"
1,0,"183,000 TND"
1,364,"75,000 TND"
1,365,"50,000 TND"
1,366,"18,000 TND"
1,0,"28,000 TND"
1,367,"110,000 TND"
1,368,"135,000 TND"
1,369,"75,000 TND"
1,370,"60,000 TND"
1,371,"60,000 TND"
1,372,"60,000 TND"
1,373,"230,000 TND"
1,374,-1
1,375,"230,000 TND"
1,376,"25,000 TND"
1,377,"20,000 TND"
1,378,"35,000 TND"
1,379,"130,000 TND"
1,380,"55,000 TND"
1,381,"150,000 TND"
1,382,"75,000 TND"
1,383,"20,000 TND"
1,384,"35,000 TND"
1,385,"140,000 TND"
1,386,"95,000 TND"
1,387,"130,000 TND"
1,388,"50,000 TND"
1,389,"45,000 TND"
1,390,"45,000 TND"
1,391,"60,000 TND"
1,392,"65,000 TND"
1,393,"120,000 TND"
1,394,"180,000 TND"
1,395,"70,000 TND"
1,0,"55,000 TND"
1,396,"55,000 TND"
1,397,"65,000 TND"
1,398,"60,000 TND"
1,399,"70,000 TND"
1,400,"470,000 TND"
1,401,"320,000 TND"
1,402,"60,000 TND"
1,403,"320,000 TND"
1,404,"180,000 TND"
1,405,"12,000 TND"
1,0,"12,000 TND"
1,406,"40,000 TND"
1,407,"35,000 TND"
1,408,"25,000 TND"
1,409,"5,000 TND"
1,410,"20,000 TND"
1,411,"75,000 TND"
1,412,"35,000 TND"
1,413,"35,000 TND"
1,414,-1
1,0,"87,000 TND"
1,415,"13,000 TND"
1,416,"70,000 TND"
1,417,"65,000 TND"
1,418,"85,000 TND"
1,419,"30,000 TND"
1,420,"70,000 TND"
1,421,"210,000 TND"
1,422,"65,000 TND"
1,423,"250,000 TND"
1,424,"150,000 TND"
1,425,"270,000 TND"
1,426,"80,000 TND"
1,427,"80,000 TND"
1,428,"220,000 TND"
1,429,"50,000 TND"
1,430,"70,000 TND"
1,431,"250,000 TND"
1,432,"350,000 TND"
1,433,"140,000 TND"
1,434,"30,000 TND"
1,435,"35,000 TND"
1,436,"400,000 TND"
1,437,"120,000 TND"
1,438,"250,000 TND"
1,439,"35,000 TND"
1,440,"60,000 TND"
1,441,"40,000 TND"
1,442,"15,000 TND"
1,443,"30,000 TND"
1,444,"20,000 TND"
1,445,"35,000 TND"
1,446,"45,000 TND"
1,447,"35,000 TND"
1,0,"200,000 TND"
1,448,"90,000 TND"
1,0,"180,000 TND"
1,449,"30,000 TND"
1,450,"35,000 TND"
1,451,"35,000 TND"
1,452,"35,000 TND"
1,453,"35,000 TND"
1,454,"475,000 TND"
1,455,"235,000 TND"
1,0,"389,000 TND"
1,456,"20,000 TND"
1,457,"25,000 TND"
1,458,"100,000 TND"
1,459,"35,000 TND"
1,460,"120,000 TND"
1,0,"35,000 TND"
1,461,"45,000 TND"
1,462,"135,000 TND"
1,463,"135,000 TND"
1,464,"38,000 TND"
1,465,"130,000 TND"
1,466,"35,000 TND"
1,467,"150,000 TND"
1,468,"40,000 TND"
1,469,"50,000 TND"
1,470,"60,000 TND"
1,471,"100,000 TND"
1,472,"7,000 TND"
1,473,"15,000 TND"
1,474,"35,000 TND"
1,475,"50,000 TND"
1,476,"40,000 TND"
1,477,"40,000 TND"
1,478,"90,000 TND"
1,479,"290,000 TND"
1,0,"45,000 TND"
1,480,"45,000 TND"
1,0,"45,000 TND"
1,0,"30,000 TND"
1,0,"150,000 TND"
1,481,"320,000 TND"
1,482,"55,000 TND"
1,483,"35,000 TND"
1,0,-1
1,484,"55,000 TND"
1,485,"80,000 TND"
1,486,"15,000 TND"
1,487,"60,000 TND"
1,488,"85,000 TND"
1,489,"16,000 TND"
1,490,"20,000 TND"
1,491,"150,000 TND"
1,492,"175,000 TND"
1,493,-1
1,494,"133,000 TND"
1,495,"135,000 TND"
1,496,"40,000 TND"
1,497,"35,000 TND"
1,498,"80,000 TND"
1,499,"100,000 TND"
1,500,"80,000 TND"
1,501,-1
1,502,"25,000 TND"
1,503,"65,000 TND"
1,504,"65,000 TND"
1,505,"30,000 TND"
1,506,"95,000 TND"
1,507,"250,000 TND"
1,0,"250,000 TND"
1,508,"14,000 TND"
1,509,"35,000 TND"
1,510,"45,000 TND"
1,511,"40,000 TND"
1,512,"90,000 TND"
1,513,"60,000 TND"
1,514,"15,000 TND"
1,515,"15,000 TND"
1,516,"120,000 TND"
1,517,"40,000 TND"
1,518,"120,000 TND"
1,519,"60,000 TND"
1,520,"120,000 TND"
1,521,"30,000 TND"
1,522,"25,000 TND"
1,523,"70,000 TND"
1,524,"100,000 TND"
1,525,-1
1,526,"65,000 TND"
1,0,"65,000 TND"
1,527,"20,000 TND"
1,528,"40,000 TND"
1,529,"60,000 TND"
1,530,"30,000 TND"
1,531,"149,000 TND"
1,532,"130,000 TND"
1,533,"280,000 TND"
1,534,"25,000 TND"
1,535,"25,000 TND"
1,536,"90,000 TND"
1,0,"125,000 TND"
1,537,"25,000 TND"
1,538,"35,000 TND"
1,539,"30,000 TND"
1,0,"45,000 TND"
1,540,"6,000 TND"
1,541,"35,000 TND"
1,542,"45,000 TND"
1,543,"25,000 TND"
1,544,"65,000 TND"
1,545,"85,000 TND"
1,546,"17,000 TND"
1,547,"60,000 TND"
1,548,"18,000 TND"
1,549,"35,000 TND"
1,0,"15,000 TND"
1,0,"15,000 TND"
1,550,"45,000 TND"
1,551,"23,000 TND"
1,552,"30,000 TND"
1,553,-1
1,554,"70,000 TND"
1,555,"40,000 TND"
1,556,"45,000 TND"
1,557,"30,000 TND"
1,558,"45,000 TND"
1,559,"80,000 TND"
1,560,"35,000 TND"
1,561,"45,000 TND"
1,562,"25,000 TND"
1,563,"40,000 TND"
1,564,"12,000 TND"
1,565,"20,000 TND"
1,566,"40,000 TND"
1,567,"110,000 TND"
1,568,"150,000 TND"
1,0,"60,000 TND"
1,569,"180,000 TND"
1,570,"35,000 TND"
1,0,"40,000 TND"
1,571,"110,000 TND"
1,572,"25,000 TND"
1,573,"20,000 TND"
1,574,"45,000 TND"
1,575,"240,000 TND"
1,576,"180,000 TND"
1,577,"165,000 TND"
1,578,"95,000 TND"
1,579,"190,000 TND"
1,580,"60,000 TND"
1,0,"360,000 TND"
1,581,"320,000 TND"
1,582,"500,000 TND"
1,583,"35,000 TND"
1,584,"55,000 TND"
1,585,"40,000 TND"
1,586,"8,000 TND"
1,587,"45,000 TND"
1,588,"25,000 TND"
1,589,"15,000 TND"
1,590,"50,000 TND"
1,591,"50,000 TND"
1,592,"30,000 TND"
1,593,"80,000 TND"
1,0,"25,000 TND"
1,594,"75,000 TND"
1,595,"125,000 TND"
1,596,"220,000 TND"
1,597,"35,000 TND"
1,598,"56,000 TND"
1,599,"105,000 TND"
1,0,"54,000 TND"
1,600,"350,000 TND"
1,601,"450,000 TND"
1,602,"110,000 TND"
1,603,"350,000 TND"
1,604,"100,000 TND"
1,605,"140,000 TND"
1,606,"75,000 TND"
1,607,"60,000 TND"
1,608,"180,000 TND"
1,609,"5,000 TND"
1,610,"10,000 TND"
1,611,"15,000 TND"
1,612,"7,000 TND"
1,0,"5,000 TND"
1,613,"25,000 TND"
1,614,"20,000 TND"
1,615,"180,000 TND"
1,616,"5,000 TND"
1,617,"1.400,000 TND"
1,0,"850,000 TND"
1,618,"55,000 TND"
1,619,"55,000 TND"
1,620,"55,000 TND"
1,621,"110,000 TND"
1,622,"65,000 TND"
1,623,"90,000 TND"
1,624,"32,000 TND"
1,625,"30,000 TND"
1,626,"190,000 TND"
1,627,"80,000 TND"
1,628,"75,000 TND"
1,629,"95,000 TND"
1,0,"250,000 TND"
1,630,"95,000 TND"
1,631,"80,000 TND"
1,632,"170,000 TND"
1,633,"40,000 TND"
1,634,"55,000 TND"
1,635,"130,000 TND"
1,636,"500,000 TND"
1,637,"330,000 TND"
1,638,"15,000 TND"
1,639,"60,000 TND"
1,640,"30,000 TND"
1,641,-1
1,642,"125,000 TND"
1,643,"135,000 TND"
1,644,"165,000 TND"
1,645,"60,000 TND"
1,646,"150,000 TND"
1,647,"380,000 TND"
1,648,"8,000 TND"
1,649,"8,000 TND"
1,650,"110,000 TND"
1,651,"180,000 TND"
1,652,"250,000 TND"
1,653,"785,000 TND"
1,654,"250,000 TND"
1,655,"25,000 TND"
1,656,"30,000 TND"
1,657,"50,000 TND"
1,658,"15,000 TND"
1,659,"35,000 TND"
1,660,"50,000 TND"
1,661,"70,000 TND"
1,662,"70,000 TND"
1,663,"65,000 TND"
1,664,"55,000 TND"
1,0,-1
1,665,-1
1,666,-1
1,0,"57,000 TND"
1,667,"40,000 TND"
1,668,"53,000 TND"
1,669,"25,000 TND"
1,670,"15,000 TND"
1,671,"55,000 TND"
1,672,"65,000 TND"
1,673,"45,000 TND"
1,674,"75,000 TND"
1,675,"45,000 TND"
1,0,"150,000 TND"
1,676,"20,000 TND"
1,677,"12,000 TND"
1,678,"27,000 TND"
1,679,"13,000 TND"
1,680,"25,000 TND"
1,681,"20,000 TND"
1,682,"200,000 TND"
1,683,"70,000 TND"
1,684,"35,000 TND"
1,685,"350,000 TND"
1,686,"120,000 TND"
1,687,"130,000 TND"
1,688,"25,000 TND"
1,689,"500,000 TND"
1,0,"30,000 TND"
1,690,"28,000 TND"
1,691,"17,000 TND"
1,692,"100,000 TND"
1,693,"250,000 TND"
1,694,"280,000 TND"
1,695,"40,000 TND"
1,696,"45,000 TND"
1,697,"40,000 TND"
1,698,"30,000 TND"
1,699,"30,000 TND"
1,700,"95,000 TND"
1,701,"110,000 TND"
1,0,"80,000 TND"
1,702,"25,000 TND"
1,703,"15,000 TND"
1,704,"20,000 TND"
1,705,"25,000 TND"
1,706,"16,000 TND"
1,707,"150,000 TND"
1,708,"160,000 TND"
1,709,"35,000 TND"
1,710,"25,000 TND"
1,711,"180,000 TND"
1,712,"75,000 TND"
1,713,"75,000 TND"
1,714,"18,000 TND"
1,715,"35,000 TND"
1,716,"45,000 TND"
1,717,"165,000 TND"
1,718,"110,000 TND"
1,719,"180,000 TND"
1,720,"35,000 TND"
1,721,"50,000 TND"
1,722,"100,000 TND"
1,723,"80,000 TND"
1,724,"70,000 TND"
1,725,"260,000 TND"
1,726,"25,000 TND"
1,727,"60,000 TND"
1,728,"90,000 TND"
1,729,"30,000 TND"
1,730,"45,000 TND"
1,731,"18,000 TND"
1,732,"15,000 TND"
1,733,"60,000 TND"
1,734,"45,000 TND"
1,735,"250,000 TND"
1,736,"86,000 TND"
1,737,"420,000 TND"
1,738,"35,000 TND"
1,739,"80,000 TND"
1,740,"10,000 TND"
1,741,"10,000 TND"
1,742,"55,000 TND"
1,743,"70,000 TND"
1,744,"450,000 TND"
1,745,"300,000 TND"
1,746,"120,000 TND"
1,747,"450,000 TND"
1,748,"25,000 TND"
1,749,"50,000 TND"
1,750,"145,000 TND"
1,751,"230,000 TND"
1,752,"150,000 TND"
1,753,"75,000 TND"
1,754,"50,000 TND"
1,755,"10,000 TND"
1,756,"35,000 TND"
1,757,"520,000 TND"
1,758,"10,000 TND"
1,759,"10,000 TND"
1,760,"45,000 TND"
1,761,"75,000 TND"
1,762,"300,000 TND"
1,763,"300,000 TND"
1,764,"300,000 TND"
1,765,"50,000 TND"
1,0,"3.500,000 TND"
1,766,"30,000 TND"
1,767,"10,000 TND"
1,768,"15,000 TND"
1,769,"38,000 TND"
1,770,"70,000 TND"
1,771,"35,000 TND"
1,772,"75,000 TND"
1,0,"30,000 TND"
1,773,"65,000 TND"
1,774,"15,000 TND"
1,775,-1
1,776,-1
1,777,-1
1,778,"50,000 TND"
1,779,"70,000 TND"
1,780,"45,000 TND"
1,781,"55,000 TND"
1,782,"40,000 TND"
1,783,"65,000 TND"
1,784,"100,000 TND"
1,785,"65,000 TND"
1,786,"170,000 TND"
1,787,"255,000 TND"
1,788,"165,000 TND"
1,789,"200,000 TND"
1,790,"300,000 TND"
1,0,"180,000 TND"
1,791,-1
1,0,"35,000 TND"
1,792,"90,000 TND"
1,793,"150,000 TND"
1,794,"2.300,000 TND"
1,795,"1.300,000 TND"
1,796,"95,000 TND"
1,797,"30,000 TND"
1,798,"80,000 TND"
1,799,-1
1,800,"15,000 TND"
1,801,"40,000 TND"
1,802,"60,000 TND"
1,803,"8,000 TND"
1,804,"20,000 TND"
1,805,"35,000 TND"
1,806,"12,000 TND"
1,807,"90,000 TND"
1,808,"40,000 TND"
1,809,"40,000 TND"
1,810,"40,000 TND"
1,811,"65,000 TND"
1,0,"45,000 TND"
1,812,"45,000 TND"
1,813,"20,000 TND"
1,0,"180,000 TND"
1,814,"1.500,000 TND"
1,815,"260,000 TND"
1,816,"160,000 TND"
1,817,"45,000 TND"
1,0,"17,000 TND"
1,818,"20,000 TND"
1,819,"60,000 TND"
1,820,"160,000 TND"
1,821,"30,000 TND"
1,822,"15,000 TND"
1,823,"14,000 TND"
1,824,"650,000 TND"
1,825,"850,000 TND"
1,826,-1
1,827,-1
1,828,-1
1,0,"700,000 TND"
1,829,"1.200,000 TND"
1,830,"850,000 TND"
1,831,"90,000 TND"
1,832,"75,000 TND"
1,833,"15,000 TND"
1,834,"60,000 TND"
1,835,"20,000 TND"
1,836,"300,000 TND"
1,837,"120,000 TND"
1,838,"10,000 TND"
1,839,-1
1,840,"45,000 TND"
1,841,"25,000 TND"
1,842,"25,000 TND"
1,843,"750,000 TND"
1,844,"290,000 TND"
1,0,"800,000 TND"
1,845,"55,000 TND"
1,846,"60,000 TND"
1,847,"45,000 TND"
1,848,"839,520 TND"
1,849,"30,000 TND"
1,850,"10,000 TND"
1,851,"18,000 TND"
1,852,"6,000 TND"
1,853,"40,000 TND"
1,854,"90,000 TND"
1,855,"130,000 TND"
1,856,"75,000 TND"
1,857,"250,000 TND"
1,858,"300,000 TND"
1,0,"300,000 TND"
1,859,"120,000 TND"
1,860,-1
1,861,-1
1,0,-1
1,862,-1
1,863,"10,000 TND"
1,864,"10,000 TND"
1,865,-1
1,866,"220,000 TND"
1,867,"230,000 TND"
1,868,-1
1,869,"15,000 TND"
1,870,"25,000 TND"
1,0,"45,000 TND"
1,871,"15,000 TND"
1,872,"3,000 TND"
1,873,"30,000 TND"
1,874,"40,000 TND"
1,875,"5,000 TND"
1,876,"5,000 TND"
1,877,"5,000 TND"
1,878,-1
1,879,-1
1,880,-1
1,881,-1
1,882,-1
1,883,-1
1,884,-1
1,885,-1
1,886,-1
1,887,-1
1,888,-1
1,889,-1
1,890,-1
1,891,-1
1,0,-1
1,892,-1
1,0,-1
1,893,-1
1,894,-1
1,895,-1
1,896,"49,900 TND"
1,897,-1
1,898,-1
1,899,-1
1,900,-1
1,901,-1
1,902,"150,000 TND"
1,903,"60,000 TND"
1,904,"200,000 TND"
1,905,"85,000 TND"
1,0,"100,000 TND"
1,906,"45,000 TND"
1,907,"80,000 TND"
1,908,"45,000 TND"
1,909,"120,000 TND"
1,0,"120,000 TND"
1,910,-1
1,911,"64,000 TND"
1,912,"138,000 TND"
1,913,"120,000 TND"
1,914,"170,000 TND"
1,915,"130,000 TND"
1,916,"140,000 TND"
1,917,"120,000 TND"
1,918,"100,000 TND"
1,919,"120,000 TND"
1,920,"65,000 TND"
1,921,"185,000 TND"
1,922,"250,000 TND"
1,923,"55,000 TND"
1,924,"236,000 TND"
1,925,"285,000 TND"
1,926,"100,000 TND"
1,927,"170,000 TND"
1,928,"150,000 TND"
1,929,"180,000 TND"
1,930,"170,000 TND"
1,0,"170,000 TND"
1,931,"119,000 TND"
1,932,"199,000 TND"
1,933,"92,000 TND"
1,934,"128,000 TND"
1,935,"45,000 TND"
1,0,"65,000 TND"
1,936,"50,000 TND"
1,937,"30,000 TND"
1,938,"75,000 TND"
1,939,"100,000 TND"
1,940,"20,000 TND"
1,941,"50,000 TND"
1,0,"50,000 TND"
1,942,-1
1,943,-1
1,944,"180,000 TND"
1,945,"150,000 TND"
1,946,"150,000 TND"
1,947,"45,000 TND"
1,948,"69,000 TND"
1,0,"140,000 TND"
1,0,"140,000 TND"
1,0,"120,000 TND"
1,0,"118,000 TND"
1,949,"20,000 TND"
1,950,"150,000 TND"
1,951,"50,000 TND"
1,952,"65,000 TND"
1,953,"85,000 TND"
1,954,-1
1,955,-1
1,0,"99,000 TND"
1,956,"119,000 TND"
1,957,"75,000 TND"
1,0,"200,000 TND"
1,958,"200,000 TND"
1,959,"200,000 TND"
1,960,"40,000 TND"
1,0,"38,000 TND"
1,961,"220,000 TND"
1,962,"292,000 TND"
1,963,"195,000 TND"
1,964,"200,000 TND"
1,965,"30,000 TND"
1,966,"40,000 TND"
1,967,"40,000 TND"
1,0,"40,000 TND"
1,968,"55,000 TND"
1,969,"65,000 TND"
1,970,"65,000 TND"
1,971,"139,000 TND"
1,0,"139,000 TND"
1,972,"135,000 TND"
1,973,"75,000 TND"
1,974,"60,000 TND"
1,975,"119,000 TND"
1,976,"85,000 TND"
1,977,-1
1,0,-1
1,978,"75,000 TND"
1,979,"119,000 TND"
1,980,"50,000 TND"
1,981,"150,000 TND"
1,982,"180,000 TND"
1,983,"350,000 TND"
1,0,"189,000 TND"
1,984,"245,000 TND"
1,985,"219,000 TND"
1,986,"110,000 TND"
1,987,"130,000 TND"
1,988,"100,000 TND"
1,989,"120,000 TND"
1,0,-1
1,990,"540,000 TND"
1,0,"540,000 TND"
1,991,"35,000 TND"
1,992,"120,000 TND"
1,993,"60,000 TND"
1,0,"250,000 TND"
1,994,"100,000 TND"
1,995,"120,000 TND"
1,996,"120,000 TND"
1,997,"75,000 TND"
1,998,"180,000 TND"
1,999,"75,000 TND"
1,1000,"95,000 TND"
1,1001,"180,000 TND"
1,1002,-1
1,0,"140,000 TND"
1,1003,"540,000 TND"
1,1004,"450,000 TND"
1,1005,"172,000 TND"
1,1006,"72,000 TND"
1,1007,"160,000 TND"
1,0,"250,000 TND"
1,1008,"190,000 TND"
1,0,"140,000 TND"
1,1009,-1
1,1010,"100,000 TND"
1,1011,"370,000 TND"
1,1012,"160,000 TND"
1,0,"150,000 TND"
1,1013,"150,000 TND"
1,1014,"50,000 TND"
1,1015,-1
1,1016,"70,000 TND"
1,1017,"400,000 TND"
1,1018,"250,000 TND"
1,0,"360,000 TND"
1,0,"170,000 TND"
1,1019,"300,000 TND"
1,1020,"600,000 TND"
1,0,"80,000 TND"
1,0,"370,000 TND"
1,0,"270,000 TND"
1,1021,"109,000 TND"
1,0,"120,000 TND"
1,1022,"320,000 TND"
1,1023,-1
1,0,-1
1,1024,-1
1,1025,"120,000 TND"
1,0,"350,000 TND"
1,1026,"140,000 TND"
1,1027,"200,000 TND"
1,1028,"15,000 TND"
1,1029,"30,000 TND"
1,1030,"109,000 TND"
1,1031,"85,000 TND"
1,1032,"69,000 TND"
1,1033,"40,000 TND"
1,1034,"80,000 TND"
1,1035,"10,000 TND"
1,1036,"50,000 TND"
1,1037,"60,000 TND"
1,1038,"110,000 TND"
1,0,"75,000 TND"
1,1039,"30,000 TND"
1,1040,"10,000 TND"
1,1041,"30,000 TND"
1,1042,"400,000 TND"
1,1043,"350,000 TND"
1,1044,"230,000 TND"
1,1045,"150,000 TND"
1,1046,"174,000 TND"
1,1047,"40,000 TND"
1,1048,"50,000 TND"
1,1049,"350,000 TND"
1,1050,"195,000 TND"
1,1051,"175,000 TND"
1,1052,"120,000 TND"
1,1053,"95,000 TND"
1,1054,"65,000 TND"
1,0,"280,000 TND"
1,1055,"230,000 TND"
1,0,"250,000 TND"
1,1056,"215,000 TND"
1,1057,"415,000 TND"
1,1058,"40,000 TND"
1,1059,"70,000 TND"
1,1060,"120,000 TND"
1,0,"140,000 TND"
1,1061,"150,000 TND"
1,0,"125,000 TND"
1,1062,"135,000 TND"
1,1063,"145,000 TND"
1,1064,"200,000 TND"
1,1065,"150,000 TND"
1,1066,"250,000 TND"
1,0,"390,000 TND"
1,1067,"400,000 TND"
1,1068,"35,000 TND"
1,1069,"35,000 TND"
1,0,"45,000 TND"
1,1070,"36,000 TND"
1,1071,"80,000 TND"
1,1072,"180,000 TND"
1,1073,"90,000 TND"
1,1074,"120,000 TND"
1,1075,"800,000 TND"
1,1076,"700,000 TND"
1,1077,"750,000 TND"
1,1078,"45,000 TND"
1,1079,"60,000 TND"
1,1080,"90,000 TND"
1,1081,"32,000 TND"
1,1082,"43,000 TND"
1,1083,"32,000 TND"
1,1084,"130,000 TND"
1,1085,"180,000 TND"
1,0,"150,000 TND"
1,1086,"350,000 TND"
1,0,"65,000 TND"
1,0,"135,000 TND"
1,0,"145,000 TND"
1,0,"85,000 TND"
1,0,"70,000 TND"
1,0,"60,000 TND"
1,0,"130,000 TND"
1,1087,"190,000 TND"
1,0,"85,000 TND"
1,1088,"75,000 TND"
1,1089,"65,000 TND"
1,1090,"85,000 TND"
1,1091,"110,000 TND"
1,0,"85,000 TND"
1,1092,"150,000 TND"
1,0,"680,000 TND"
1,0,"140,000 TND"
1,1093,"100,000 TND"
1,1094,"85,000 TND"
1,1095,"85,000 TND"
1,1096,"270,000 TND"
1,1097,"198,000 TND"
1,1098,"180,000 TND"
1,0,"120,000 TND"
1,1099,"80,000 TND"
1,0,"130,000 TND"
1,1100,"120,000 TND"
1,0,"150,000 TND"
1,0,"80,000 TND"
1,0,"80,000 TND"
1,0,"180,000 TND"
1,1101,"180,000 TND"
1,1102,"180,000 TND"
1,1103,"1.250,000 TND"
1,1104,"40,000 TND"
1,1105,"35,000 TND"
1,1106,"35,000 TND"
1,1107,"40,000 TND"
1,1108,"25,000 TND"
1,1109,-1
1,1110,-1
1,1111,"100,000 TND"
1,1112,"40,000 TND"
1,1113,"140,000 TND"
1,1114,"60,000 TND"
1,0,"110,000 TND"
1,1115,"400,000 TND"
1,0,"700,000 TND"
1,0,"160,000 TND"
1,1116,"140,000 TND"
1,0,"45,000 TND"
1,0,"45,000 TND"
1,1117,"135,000 TND"
1,1118,"180,000 TND"
1,1119,"130,000 TND"
1,1120,"70,000 TND"
1,1121,"25,000 TND"
1,1122,"45,000 TND"
1,1123,"75,000 TND"
1,1124,"30,000 TND"
1,1125,"80,000 TND"
1,1126,"80,000 TND"
1,1127,"120,000 TND"
1,1128,"45,000 TND"
1,1129,"600,000 TND"
1,1130,"800,000 TND"
1,1131,"75,000 TND"
1,1132,"85,000 TND"
1,1133,"90,000 TND"
1,1134,"85,000 TND"
1,1135,"35,000 TND"
1,0,"60,000 TND"
1,1136,"65,000 TND"
1,1137,"140,000 TND"
1,1138,"150,000 TND"
1,1139,"100,000 TND"
1,1140,"650,000 TND"
1,1141,"550,000 TND"
1,1142,"220,000 TND"
1,1143,"55,000 TND"
1,0,"95,000 TND"
1,1144,"300,000 TND"
1,1145,"380,000 TND"
1,1146,"550,000 TND"
1,1147,"35,000 TND"
1,1148,"45,000 TND"
1,0,"70,000 TND"
1,1149,"60,000 TND"
1,1150,"60,000 TND"
1,1151,"35,000 TND"
1,0,"80,000 TND"
1,0,"400,000 TND"
1,1152,"95,000 TND"
1,0,"95,000 TND"
1,0,"35,000 TND"
1,0,"220,000 TND"
1,0,"200,000 TND"
1,0,"260,000 TND"
1,1153,"45,000 TND"
1,1154,"90,000 TND"
1,0,"85,000 TND"
1,1155,"102,000 TND"
1,1156,"102,000 TND"
1,0,"230,000 TND"
1,1157,"110,000 TND"
1,1158,"120,000 TND"
1,1159,"250,000 TND"
1,0,"100,000 TND"
1,1160,"100,000 TND"
1,1161,"400,000 TND"
1,0,"130,000 TND"
1,1162,"300,000 TND"
1,0,"35,000 TND"
1,1163,"40,000 TND"
1,1164,"25,000 TND"
1,1165,"94,900 TND"
1,1166,-1
1,1167,"45,000 TND"
1,1168,"95,000 TND"
1,1169,"49,000 TND"
1,1170,"45,000 TND"
1,1171,"140,000 TND"
1,0,"120,000 TND"
1,1172,"90,000 TND"
1,0,"120,000 TND"
1,0,"152,000 TND"
1,1173,"192,000 TND"
1,1174,"620,000 TND"
1,1175,"35,000 TND"
1,1176,"180,000 TND"
1,0,"145,000 TND"
1,0,"65,000 TND"
1,0,"119,000 TND"
1,1177,"155,000 TND"
1,0,"710,000 TND"
1,1178,"720,000 TND"
1,1179,"220,000 TND"
1,1180,"130,000 TND"
1,1181,"130,000 TND"
1,1182,"12,000 TND"
1,0,"140,000 TND"
1,0,"140,000 TND"
1,1183,"45,000 TND"
1,1184,"140,000 TND"
1,1185,"80,000 TND"
1,1186,"150,000 TND"
1,0,"300,000 TND"
1,1187,"150,000 TND"
1,0,"480,000 TND"
1,0,"190,000 TND"
1,1188,"60,000 TND"
1,1189,-1
1,1190,"22,000 TND"
1,1191,"350,000 TND"
1,0,"80,000 TND"
1,0,"120,000 TND"
1,1192,"185,000 TND"
1,1193,-1
1,1194,"170,000 TND"
1,0,"90,000 TND"
1,1195,"70,000 TND"
1,1196,-1
1,1197,"55,000 TND"
1,0,"520,000 TND"
1,0,"320,000 TND"
1,1198,"120,000 TND"
1,1199,"220,000 TND"
1,1200,"220,000 TND"
1,0,"45,000 TND"
1,0,"85,000 TND"
1,0,"105,000 TND"
1,1201,-1
1,1202,-1
1,0,"350,000 TND"
1,1203,"90,000 TND"
1,0,"170,000 TND"
1,1204,-1
1,1205,"149,900 TND"
1,1206,"98,000 TND"
1,1207,"149,900 TND"
1,1208,"39,000 TND"
1,1209,"39,000 TND"
1,1210,"25,000 TND"
1,1211,"45,000 TND"
1,1212,"75,000 TND"
1,1213,"35,000 TND"
1,1214,"70,000 TND"
1,1215,"70,000 TND"
1,1216,"90,000 TND"
1,1217,"65,000 TND"
1,1218,"80,000 TND"
1,1219,"35,000 TND"
1,1220,"45,000 TND"
1,0,"120,000 TND"
1,1221,"30,000 TND"
1,1222,-1
1,1223,"120,000 TND"
1,1224,"110,000 TND"
1,1225,"165,000 TND"
1,1226,"60,000 TND"
1,1227,"60,000 TND"
1,0,"280,000 TND"
1,1228,"350,000 TND"
1,1229,"125,000 TND"
1,1230,"30,000 TND"
1,1231,"35,000 TND"
1,0,"450,000 TND"
1,1232,"85,000 TND"
1,1233,"60,000 TND"
1,1234,"40,000 TND"
1,1235,"200,000 TND"
1,1236,"40,000 TND"
1,1237,"30,000 TND"
1,0,"230,000 TND"
1,0,"150,000 TND"
1,0,"110,000 TND"
1,1238,"90,000 TND"
1,1239,-1
1,1240,"850,000 TND"
1,1241,"450,000 TND"
1,0,-1
1,1242,-1
1,1243,"75,000 TND"
1,1244,"150,000 TND"
1,1245,"55,000 TND"
1,1246,-1
1,1247,-1
1,1248,-1
1,1249,"45,000 TND"
1,1250,"40,000 TND"
1,1251,"75,000 TND"
1,1252,"320,000 TND"
1,0,"160,000 TND"
1,1253,"150,000 TND"
1,1254,"180,000 TND"
1,1255,"58,000 TND"
1,1256,"30,000 TND"
1,1257,"60,000 TND"
1,1258,-1
1,1259,"160,000 TND"
1,0,"150,000 TND"
1,1260,"60,000 TND"
1,1261,"90,000 TND"
1,1262,"14,000 TND"
1,1263,"10,000 TND"
1,1264,"110,000 TND"
1,0,"20,000 TND"
1,1265,"350,000 TND"
1,1266,"360,000 TND"
1,1267,"62,000 TND"
1,1268,"42,000 TND"
1,1269,"160,000 TND"
1,1270,"160,000 TND"
1,1271,"160,000 TND"
1,0,"150,000 TND"
1,0,-1
1,1272,"45,000 TND"
1,1273,"55,000 TND"
1,1274,"80,000 TND"
1,1275,"50,000 TND"
1,1276,"150,000 TND"
1,1277,-1
1,1278,-1
1,1279,"130,000 TND"
1,1280,-1
1,1281,-1
1,1282,-1
1,1283,-1
1,1284,-1
1,0,"230,000 TND"
1,1285,"85,000 TND"
1,1286,"480,000 TND"
1,1287,"150,000 TND"
1,0,"50,000 TND"
1,1288,"155,000 TND"
1,1289,"180,000 TND"
1,1290,"70,000 TND"
1,1291,"110,000 TND"
1,1292,"180,000 TND"
1,0,"140,000 TND"
1,1293,"260,000 TND"
1,1294,"8,500 TND"
1,1295,"79,000 TND"
1,1296,"68,000 TND"
1,1297,"58,000 TND"
1,1298,"99,000 TND"
1,1299,"35,000 TND"
1,1300,"50,000 TND"
1,1301,"30,000 TND"
1,1302,"46,000 TND"
1,1303,"48,000 TND"
1,1304,"54,000 TND"
1,1305,"9,000 TND"
1,1306,"17,000 TND"
1,1307,"65,000 TND"
1,1308,"35,000 TND"
1,1309,"12,000 TND"
1,1310,"19,000 TND"
1,1311,"24,000 TND"
1,1312,"7,500 TND"
1,1313,"22,000 TND"
1,1314,"19,000 TND"
1,1315,"14,000 TND"
1,1316,"10,000 TND"
1,1317,"12,000 TND"
1,1318,"10,000 TND"
1,1319,"15,000 TND"
1,1320,"10,000 TND"
1,1321,"16,600 TND"
1,1322,"12,800 TND"
1,1323,"9,700 TND"
1,1324,-1
1,1325,"7,500 TND"
1,1326,"18,800 TND"
1,0,"10,700 TND"
1,0,"10,500 TND"
1,1327,"15,600 TND"
1,1328,"25,000 TND"
1,1329,"15,000 TND"
1,1330,"15,000 TND"
1,1331,"5,000 TND"
1,1332,"30,000 TND"
1,1333,"20,000 TND"
1,1334,"50,000 TND"
1,1335,"25,000 TND"
1,1336,"10,000 TND"
1,1337,"10,000 TND"
1,1338,"6,000 TND"
1,1339,"15,000 TND"
1,1340,"20,000 TND"
1,1341,"20,000 TND"
1,1342,"15,000 TND"
1,1343,"4,900 TND"
1,1344,"1,800 TND"
1,1345,"20,000 TND"
1,1346,"8,000 TND"
1,1347,"10,000 TND"
1,1348,"10,000 TND"
1,1349,"11,000 TND"
1,1350,"11,000 TND"
1,1351,"10,000 TND"
1,1352,"7,000 TND"
1,1353,"7,000 TND"
1,1354,"7,000 TND"
1,1355,"15,000 TND"
1,0,"40,000 TND"
1,1356,"20,000 TND"
1,1357,"4,000 TND"
1,1358,"10,000 TND"
1,1359,"1,000 TND"
1,1360,"7,000 TND"
1,1361,"25,000 TND"
1,1362,"80,000 TND"
1,1363,"52,000 TND"
1,1364,"50,000 TND"
1,1365,"79,000 TND"
1,1366,"15,000 TND"
1,1367,"45,000 TND"
1,1368,"10,000 TND"
1,1369,"35,000 TND"
1,1370,"20,000 TND"
1,1371,"40,000 TND"
1,1372,"15,000 TND"
1,1373,"13,000 TND"
1,1374,"8,000 TND"
1,1375,-1
1,1376,-1
1,0,"8,000 TND"
1,1377,"80,000 TND"
1,1378,"120,000 TND"
1,0,"7,000 TND"
1,1379,"80,000 TND"
1,1380,"15,000 TND"
1,1381,"5,000 TND"
1,1382,"50,000 TND"
1,1383,"8,000 TND"
1,1384,"12,000 TND"
1,1385,"25,000 TND"
1,1386,"10,000 TND"
1,0,"15,000 TND"
1,1387,-1
1,1388,"18,000 TND"
1,1389,"2,000 TND"
1,0,"11,000 TND"
1,1390,"20,000 TND"
1,1391,"7,000 TND"
1,1392,"18,000 TND"
1,1393,"10,000 TND"
1,1394,"40,000 TND"
1,1395,"35,000 TND"
1,1396,"19,000 TND"
1,1397,"40,000 TND"
1,1398,"20,000 TND"
1,1399,"85,000 TND"
1,1400,"12,000 TND"
1,1401,"35,000 TND"
1,1402,"15,000 TND"
1,1403,-1
1,1404,"5,500 TND"
1,1405,"12,000 TND"
1,0,"7,500 TND"
1,1406,"15,000 TND"
1,1407,-1
1,1408,"60,000 TND"
1,0,"30,000 TND"
1,1409,"9,000 TND"
1,1410,"75,000 TND"
1,1411,"82,000 TND"
1,1412,"19,000 TND"
1,1413,"19,000 TND"
1,1414,"13,000 TND"
1,1415,"7,000 TND"
1,1416,"5,000 TND"
1,1417,"20,000 TND"
1,1418,"15,000 TND"
1,1419,"12,000 TND"
1,1420,"18,000 TND"
1,1421,"11,000 TND"
1,1422,"12,000 TND"
1,1423,-1
1,1424,-1
1,1425,"39,000 TND"
1,1426,"12,000 TND"
1,1427,"17,000 TND"
1,0,-1
1,1428,"10,000 TND"
1,1429,"13,000 TND"
1,1430,"42,000 TND"
1,1431,"25,000 TND"
1,1432,-1
1,1433,-1
1,1434,"29,000 TND"
1,1435,"30,000 TND"
1,1436,"10,000 TND"
1,1437,"75,000 TND"
1,1438,"15,000 TND"
1,1439,"15,000 TND"
1,1440,"25,000 TND"
1,1441,"40,000 TND"
1,1442,"25,000 TND"
1,1443,"3,000 TND"
1,1444,"8,000 TND"
1,1445,-1
1,1446,-1
1,1447,"30,000 TND"
1,1448,"30,000 TND"
1,1449,"7,000 TND"
1,1450,-1
1,1451,"9,000 TND"
1,1452,"9,000 TND"
1,1453,"4,000 TND"
1,1454,"25,000 TND"
1,1455,"97,300 TND"
1,1456,"95,800 TND"
1,1457,"18,300 TND"
1,1458,"56,500 TND"
1,1459,"5,000 TND"
1,0,"7,000 TND"
1,1460,"10,000 TND"
1,1461,"100,000 TND"
1,1462,"100,000 TND"
1,1463,"50,000 TND"
1,1464,"60,000 TND"
1,1465,"13,000 TND"
1,1466,"13,000 TND"
1,1467,"15,000 TND"
1,1468,"15,000 TND"
1,1469,"20,000 TND"
1,1470,"16,000 TND"
1,1471,"10,000 TND"
1,0,"35,000 TND"
1,1472,"16,500 TND"
1,1473,"13,000 TND"
1,1474,"14,000 TND"
1,1475,"8,000 TND"
1,1476,"25,000 TND"
1,1477,"25,000 TND"
1,1478,"13,000 TND"
1,1479,"6,000 TND"
1,1480,"5,000 TND"
1,1481,"35,000 TND"
1,1482,"10,000 TND"
1,1483,"35,000 TND"
1,1484,"8,000 TND"
1,1485,"7,000 TND"
1,1486,"15,000 TND"
1,1487,"25,000 TND"
1,0,"9,000 TND"
1,1488,"13,000 TND"
1,1489,"15,000 TND"
1,1490,"15,000 TND"
1,1491,"5,000 TND"
1,1492,"5,000 TND"
1,1493,"2,800 TND"
1,1494,"7,500 TND"
1,1495,"9,000 TND"
1,1496,"3,000 TND"
1,1497,"5,500 TND"
1,1498,"35,000 TND"
1,1499,"120,000 TND"
4,5188,37.440 TND
4,5189,29.640 TND
4,5191,15.600 TND
4,5192,37.440 TND
4,5193,28.080 TND
4,5194,28.080 TND
4,5195,15.600 TND
4,5196,15.600 TND
4,5197,15.600 TND
4,5198,171.600 TND
4,5199,121.680 TND
4,5200,121.680 TND
4,5201,90.480 TND
4,5202,18.720 TND
4,5203,21.840 TND
4,5204,177.840 TND
4,5206,43.680 TND
4,5207,56.160 TND
4,5208,85.800 TND
4,5209,101.400 TND
4,5210,21.840 TND
4,5211,18.720 TND
4,5212,28.080 TND
4,5213,43.680 TND
4,5214,21.840 TND
4,5215,21.840 TND
4,5217,18.720 TND
4,5218,9.360 TND
4,5219,45.240 TND
4,5220,12.480 TND
4,5222,21.840 TND
4,5223,37.440 TND
4,5224,28.080 TND
4,5225,28.080 TND
4,5226,34.320 TND
4,5227,34.320 TND
4,5228,37.440 TND
4,5229,18.720 TND
4,5230,18.720 TND
4,5231,34.320 TND
4,5232,15.600 TND
4,5234,15.600 TND
4,5236,15.600 TND
4,5237,17.160 TND
4,5238,18.720 TND
4,5239,46.800 TND
4,5240,9.360 TND
4,5241,15.600 TND
4,5242,24.960 TND
4,5243,9.360 TND
4,5244,12.480 TND
4,5245,10.920 TND
4,5246,34.320 TND
4,5248,18.720 TND
4,5249,24.960 TND
4,5250,49.920 TND
4,5251,37.440 TND
4,5252,29.640 TND
4,5255,90.480 TND
4,5256,18.720 TND
4,5257,18.720 TND
4,5258,1.404 TND
4,5259,28.080 TND
4,5260,43.680 TND
4,5261,21.840 TND
4,5262,24.960 TND
4,5263,59.280 TND
4,5264,135.720 TND
4,5265,127.920 TND
4,5266,131.040 TND
4,5267,98.280 TND
4,5268,15.600 TND
4,5269,124.800 TND
4,5270,93.600 TND
4,5271,140.400 TND
4,5272,87.360 TND
4,5273,78.000 TND
4,5274,65.520 TND
4,5275,18.720 TND
4,5276,18.720 TND
4,5277,29.640 TND
4,5279,7.800 TND
4,5280,9.360 TND
4,5281,37.440 TND
4,5282,37.440 TND
4,5283,82.680 TND
4,5284,18.720 TND
4,5285,121.680 TND
4,5286,171.600 TND
4,5287,177.840 TND
4,5288,28.080 TND
4,5289,18.720 TND
4,5290,15.600 TND
4,5291,18.720 TND
4,5292,15.600 TND
4,5293,15.600 TND
4,5294,15.600 TND
4,5295,21.840 TND
4,5296,18.720 TND
4,5297,9.360 TND
4,5298,15.600 TND
4,5299,18.720 TND
4,5300,18.720 TND
4,5301,18.720 TND
4,5302,9.360 TND
4,5303,12.480 TND
4,5304,18.720 TND
4,5305,28.080 TND
4,5306,121.680 TND
4,5307,6.240 TND
4,5308,18.720 TND
4,5309,21.840 TND
4,5310,21.840 TND
4,5311,37.440 TND
4,5312,84.240 TND
4,5313,37.440 TND
4,5314,18.720 TND
4,5315,15.600 TND
4,5316,17.160 TND
4,5317,9.360 TND
4,5319,49.920 TND
4,5320,18.720 TND
4,5321,46.800 TND
4,5322,46.800 TND
4,5323,18.720 TND
4,5324,68.640 TND
4,5325,18.720 TND
4,5326,9.360 TND
4,5327,12.480 TND
4,5328,9.360 TND
4,5329,28.080 TND
4,5330,7.800 TND
4,5331,12.480 TND
4,5332,6.240 TND
4,5333,9.360 TND
4,5334,12.480 TND
4,5335,14.040 TND
4,5336,37.440 TND
4,5337,90.480 TND
4,5338,109.200 TND
4,5340,59.280 TND
4,5341,24.960 TND
4,0,24.960 TND
4,5342,24.960 TND
4,5343,43.680 TND
4,5344,28.080 TND
4,5345,37.440 TND
4,5346,49.920 TND
4,0,43.680 TND
4,5347,49.920 TND
4,5348,56.160 TND
4,5349,24.960 TND
4,5351,18.720 TND
4,5353,37.440 TND
4,5354,296.400 TND
4,5355,296.400 TND
4,5356,436.800 TND
4,5357,249.600 TND
4,5358,218.400 TND
4,5359,468.000 TND
4,5360,702.000 TND
4,5361,280.800 TND
4,5362,187.200 TND
4,5363,592.800 TND
4,5364,842.400 TND
4,5371,53.040 TND
4,5372,53.040 TND
4,5373,390.000 TND
4,5374,249.600 TND
4,5377,249.600 TND
4,5378,"1,014.000 TND"
4,5379,661.440 TND
4,5381,180.960 TND
4,5383,365.040 TND
4,5392,299.520 TND
4,5400,118.560 TND
4,5401,118.560 TND
4,5402,118.560 TND
4,5403,118.560 TND
4,5404,118.560 TND
4,5407,363.480 TND
4,5409,661.440 TND
4,5413,98.280 TND
4,5414,299.520 TND
4,5415,486.720 TND
4,5417,243.360 TND
4,5418,390.000 TND
4,5419,390.000 TND
4,0,121.680 TND
4,5420,159.120 TND
4,5421,184.080 TND
4,5422,99.840 TND
4,5423,99.840 TND
4,5425,159.120 TND
4,5427,99.840 TND
4,5430,452.400 TND
4,5433,46.800 TND
4,5435,109.200 TND
4,5438,46.800 TND
4,5442,393.120 TND
4,5443,305.760 TND
4,5444,305.760 TND
4,5445,305.760 TND
4,5446,156.000 TND
4,5447,46.800 TND
4,5448,46.800 TND
4,5449,46.800 TND
4,5450,46.800 TND
4,5451,46.800 TND
4,5452,93.600 TND
4,5453,93.600 TND
4,5454,280.800 TND
4,5455,280.800 TND
4,5456,305.760 TND
4,5458,305.760 TND
4,5459,305.760 TND
4,5460,305.760 TND
4,5462,305.760 TND
4,5463,305.760 TND
4,5465,305.760 TND
4,5466,305.760 TND
4,5467,305.760 TND
4,5468,305.760 TND
4,5469,305.760 TND
4,5470,305.760 TND
4,5471,305.760 TND
4,5472,305.760 TND
4,5473,305.760 TND
4,5474,305.760 TND
4,5475,305.760 TND
4,5476,305.760 TND
4,5477,305.760 TND
4,5478,87.360 TND
4,5479,312.000 TND
4,5480,305.760 TND
4,5481,305.760 TND
4,5482,87.360 TND
4,5483,327.600 TND
4,5484,655.200 TND
4,5485,343.200 TND
4,5486,318.240 TND
4,5487,468.000 TND
4,5488,305.760 TND
4,5489,312.000 TND
4,5490,620.880 TND
4,5491,340.080 TND
4,5492,580.320 TND
4,5493,592.800 TND
4,5494,352.560 TND
4,5495,352.560 TND
4,5496,361.920 TND
4,5497,62.400 TND
4,5498,62.400 TND
4,5499,156.000 TND
4,5500,156.000 TND
4,5501,312.000 TND
4,5502,312.000 TND
4,5503,312.000 TND
4,5504,156.000 TND
4,5505,156.000 TND
4,5506,156.000 TND
4,5507,312.000 TND
4,5508,312.000 TND
4,5509,78.000 TND
4,5510,218.400 TND
4,5511,56.160 TND
4,5513,176.904 TND
4,5514,176.904 TND
4,0,176.904 TND
4,5516,176.904 TND
4,5517,176.904 TND
4,5518,176.904 TND
4,5519,176.904 TND
4,5520,176.904 TND
4,5521,176.904 TND
4,5522,176.904 TND
4,5523,176.904 TND
4,5524,176.904 TND
4,5525,176.904 TND
4,0,93.600 TND
4,5526,93.600 TND
4,5527,93.600 TND
4,5529,62.400 TND
4,5531,62.400 TND
4,5534,46.800 TND
4,5535,31.200 TND
4,5536,62.400 TND
4,5537,402.480 TND
4,5538,234.000 TND
4,5539,234.000 TND
4,5541,234.000 TND
4,5542,234.000 TND
4,5544,14.040 TND
4,5545,14.040 TND
4,5546,14.040 TND
4,5547,14.040 TND
4,5548,14.040 TND
4,5549,14.040 TND
4,5550,14.040 TND
4,5551,62.400 TND
4,5552,78.000 TND
4,5556,37.440 TND
4,5557,156.000 TND
4,5559,11.700 TND
4,5560,11.700 TND
4,5561,11.700 TND
4,5563,26.364 TND
4,5564,26.364 TND
4,5565,11.700 TND
4,5571,19.438 TND
4,5575,224.640 TND
4,5576,224.640 TND
4,5577,224.640 TND
4,5578,224.640 TND
4,5579,117.000 TND
4,5580,117.000 TND
4,5581,117.000 TND
4,5582,117.000 TND
4,5583,13.042 TND
4,5584,13.042 TND
4,5585,13.042 TND
4,5586,13.042 TND
4,5587,13.042 TND
4,5588,13.042 TND
4,5589,13.042 TND
4,5590,13.042 TND
4,5591,13.042 TND
4,5594,18.720 TND
4,5595,14.040 TND
4,5599,14.040 TND
4,5602,10.858 TND
4,5616,10.920 TND
4,5618,10.920 TND
4,5619,10.920 TND
4,0,10.920 TND
4,5621,15.600 TND
4,5622,14.040 TND
4,5623,15.600 TND
4,5624,15.600 TND
4,5625,15.600 TND
4,5626,15.600 TND
4,5627,15.600 TND
4,5628,76.440 TND
4,5629,76.440 TND
4,5630,76.440 TND
4,5631,26.520 TND
4,5632,26.520 TND
4,5633,76.440 TND
4,5634,76.440 TND
4,5635,76.440 TND
4,5636,56.160 TND
4,5637,56.160 TND
4,5638,56.160 TND
4,5639,53.040 TND
4,5640,53.040 TND
4,5641,53.040 TND
4,5642,60.840 TND
4,5643,60.840 TND
4,5644,54.600 TND
4,5645,54.600 TND
4,5646,37.440 TND
4,5647,37.440 TND
4,5648,23.400 TND
4,5649,23.400 TND
4,5650,23.400 TND
4,5651,23.400 TND
4,5652,23.400 TND
4,5653,53.040 TND
4,5654,53.040 TND
4,5655,35.880 TND
4,5656,42.120 TND
4,5657,42.120 TND
4,5658,42.120 TND
4,5659,37.440 TND
4,5660,37.440 TND
4,5661,42.120 TND
4,5662,42.120 TND
4,5663,42.120 TND
4,5664,35.880 TND
4,5665,35.880 TND
4,5666,15.600 TND
4,5667,15.600 TND
4,5668,374.400 TND
4,5669,374.400 TND
4,5671,34.320 TND
4,5672,34.320 TND
4,5673,21.840 TND
4,5675,15.600 TND
4,5676,15.600 TND
4,5680,12.480 TND
4,5681,12.480 TND
4,5682,12.480 TND
4,5683,39.000 TND
4,5684,29.640 TND
4,5685,76.440 TND
4,5686,39.000 TND
4,5687,54.600 TND
4,5688,54.600 TND
4,5689,54.600 TND
4,5690,39.000 TND
4,5691,39.000 TND
4,5692,39.000 TND
4,5693,23.400 TND
4,5694,15.600 TND
4,5695,15.600 TND
4,5696,15.600 TND
4,5697,34.320 TND
4,5698,34.320 TND
4,5699,34.320 TND
4,5700,34.320 TND
4,5701,15.600 TND
4,5702,15.600 TND
4,5703,15.600 TND
4,5704,15.600 TND
4,5705,15.600 TND
4,5706,15.600 TND
4,5707,15.600 TND
4,5708,15.600 TND
4,5709,12.480 TND
4,5710,18.720 TND
4,5711,12.480 TND
4,5712,15.600 TND
4,5713,15.600 TND
4,5714,12.480 TND
4,5715,12.480 TND
4,5716,12.480 TND
4,5717,12.480 TND
4,5718,12.480 TND
4,5719,15.600 TND
4,5720,12.480 TND
4,5721,15.600 TND
4,5722,15.600 TND
4,5723,15.600 TND
4,5724,15.600 TND
4,5725,18.720 TND
4,5726,18.720 TND
4,5727,156.000 TND
4,5728,15.600 TND
4,5729,53.040 TND
4,5730,76.440 TND
4,5731,53.040 TND
4,5732,15.600 TND
4,5733,21.840 TND
4,5734,15.600 TND
4,5735,15.600 TND
4,5736,15.600 TND
4,5737,15.600 TND
4,5738,16.380 TND
4,5739,16.380 TND
4,5740,10.920 TND
4,5741,10.920 TND
4,5743,15.600 TND
4,5744,15.600 TND
4,5746,15.600 TND
4,5747,15.600 TND
4,5748,10.920 TND
4,5749,9.360 TND
4,5751,12.480 TND
4,5755,12.480 TND
4,5756,7.800 TND
4,5757,7.800 TND
4,5758,12.480 TND
4,5759,9.922 TND
4,5760,9.922 TND
4,5761,9.204 TND
4,5762,9.204 TND
4,5763,8.518 TND
4,5765,15.600 TND
4,5766,51.480 TND
4,5767,51.480 TND
4,5768,57.720 TND
4,5769,57.720 TND
4,5770,57.720 TND
4,5771,26.520 TND
4,5772,26.520 TND
4,5773,26.520 TND
4,5774,26.520 TND
4,5775,18.720 TND
4,5776,14.040 TND
4,5777,21.840 TND
4,5778,21.840 TND
4,5779,43.680 TND
4,5780,28.080 TND
4,5781,21.840 TND
4,5782,28.080 TND
4,5783,18.720 TND
4,5784,12.480 TND
4,5785,15.600 TND
4,5786,15.600 TND
4,5787,21.840 TND
4,5788,21.840 TND
4,5789,21.840 TND
4,5790,21.840 TND
4,5791,28.080 TND
4,5792,43.680 TND
4,5793,34.320 TND
4,5794,24.960 TND
4,5795,37.440 TND
4,5796,53.040 TND
4,5798,34.320 TND
4,5799,49.920 TND
4,5801,34.320 TND
4,5802,15.600 TND
4,5803,76.440 TND
4,5806,49.920 TND
4,5807,15.600 TND
4,5809,21.840 TND
4,5810,15.600 TND
4,5811,21.840 TND
4,5812,24.960 TND
4,5813,15.600 TND
4,5814,12.480 TND
4,5815,15.600 TND
4,5816,46.800 TND
4,5817,16.380 TND
4,5818,56.160 TND
4,5819,20.280 TND
4,5820,68.640 TND
4,5821,12.480 TND
4,5822,24.960 TND
4,5823,15.600 TND
4,5824,24.960 TND
4,5825,78.000 TND
4,5826,37.440 TND
4,5827,37.440 TND
4,5828,15.600 TND
4,0,21.840 TND
4,5829,37.440 TND
4,0,24.960 TND
4,5830,37.440 TND
4,5831,48.204 TND
4,5832,68.640 TND
4,5833,15.600 TND
4,5834,26.520 TND
4,5835,21.840 TND
4,5836,15.600 TND
4,5837,9.360 TND
4,5838,9.360 TND
4,5839,15.600 TND
4,5840,8.580 TND
4,5841,9.984 TND
4,5842,18.720 TND
4,5843,15.600 TND
4,5844,21.840 TND
4,5845,25.272 TND
4,5846,31.200 TND
4,5847,31.200 TND
4,5848,15.600 TND
4,5849,43.680 TND
4,5850,15.600 TND
4,5851,15.600 TND
4,5852,25.272 TND
4,5853,15.600 TND
4,5854,15.600 TND
4,5855,15.600 TND
4,5856,15.600 TND
4,5857,15.600 TND
4,5858,15.600 TND
4,5860,15.600 TND
4,5861,15.600 TND
4,5863,15.600 TND
4,5865,49.920 TND
4,5866,49.920 TND
4,5867,15.600 TND
4,5868,15.600 TND
4,5869,15.600 TND
4,5870,15.600 TND
4,5871,15.600 TND
4,5872,15.600 TND
4,5873,15.600 TND
4,5874,15.600 TND
4,5875,15.600 TND
4,5876,15.600 TND
4,5877,15.600 TND
4,5879,15.600 TND
4,5880,15.600 TND
4,5881,15.600 TND
4,5882,15.600 TND
4,5884,15.600 TND
4,5885,15.600 TND
4,5886,49.920 TND
4,5887,26.302 TND
4,5888,15.600 TND
4,5889,15.600 TND
4,5890,15.600 TND
4,5891,15.600 TND
4,5892,15.600 TND
4,5893,5.616 TND
4,5894,16.224 TND
4,5895,24.960 TND
4,5898,43.680 TND
4,5900,18.720 TND
4,5902,21.840 TND
4,5904,6.240 TND
4,5905,21.840 TND
4,5906,76.440 TND
4,5907,152.880 TND
4,5908,140.400 TND
4,5909,49.920 TND
4,5915,78.000 TND
4,5916,37.440 TND
4,5917,39.000 TND
4,5918,56.160 TND
4,5919,140.400 TND
4,5920,62.400 TND
4,5921,62.400 TND
4,5922,62.400 TND
4,5923,62.400 TND
4,5924,62.400 TND
4,5925,46.800 TND
4,5926,46.800 TND
4,5927,46.800 TND
4,5928,46.800 TND
4,5929,46.800 TND
4,5930,46.800 TND
4,5931,46.800 TND
4,5932,46.800 TND
4,5933,78.000 TND
4,5934,85.800 TND
4,5935,54.600 TND
4,5936,78.000 TND
4,5937,78.000 TND
4,5938,811.200 TND
4,5939,780.000 TND
4,5940,624.000 TND
4,5941,468.000 TND
4,5942,530.400 TND
4,5943,"1,404.000 TND"
4,5944,"1,404.000 TND"
4,5945,374.400 TND
4,5946,624.000 TND
4,5947,468.000 TND
4,5948,468.000 TND
4,5949,468.000 TND
4,5950,842.400 TND
4,5951,780.000 TND
4,5952,"1,404.000 TND"
4,5953,"1,560.000 TND"
4,5954,"1,560.000 TND"
4,5955,"1,560.000 TND"
4,5956,405.600 TND
4,5957,624.000 TND
4,5958,873.600 TND
4,5959,21.840 TND
4,5960,18.720 TND
4,5961,12.480 TND
4,5962,17.160 TND
4,5963,93.600 TND
4,5964,78.000 TND
4,5970,265.200 TND
4,5971,28.080 TND
4,5972,78.000 TND
4,5973,140.400 TND
4,5974,70.200 TND
4,5975,62.400 TND
4,5976,78.000 TND
4,5977,202.800 TND
4,5978,171.600 TND
4,5979,62.400 TND
4,5980,109.200 TND
4,5985,452.400 TND
4,5992,37.440 TND
4,5997,234.000 TND
4,6001,780.000 TND
4,6002,826.800 TND
4,6003,152.880 TND
4,6004,28.080 TND
4,6005,28.080 TND
4,6006,89.856 TND
4,6007,56.160 TND
4,6008,18.720 TND
4,6009,56.160 TND
4,6010,46.800 TND
4,6011,436.800 TND
4,6012,249.600 TND
4,6013,78.000 TND
4,6018,46.800 TND
4,6019,46.800 TND
4,6020,234.000 TND
4,6022,234.000 TND
4,6024,234.000 TND
4,6027,0.000 TND
4,6028,0.000 TND
4,6029,0.000 TND
4,6030,93.600 TND
4,6031,702.000 TND
4,6036,468.000 TND
4,6037,608.400 TND
4,6041,62.400 TND
4,6042,90.480 TND
4,6045,182.520 TND
4,6047,202.800 TND
4,6048,171.600 TND
4,6049,187.200 TND
4,6050,187.200 TND
4,6052,202.800 TND
4,6054,59.280 TND
4,6055,59.280 TND
4,6056,21.840 TND
4,6057,28.080 TND
4,6058,249.600 TND
4,6059,109.200 TND
4,6060,280.800 TND
4,6061,156.000 TND
4,6062,124.800 TND
4,6064,115.440 TND
4,6065,112.320 TND
4,6066,109.200 TND
4,6067,109.200 TND
4,6068,12.480 TND
4,6069,109.200 TND
4,6070,156.000 TND
4,6071,78.000 TND
4,6074,265.200 TND
4,6076,87.360 TND
4,6081,28.080 TND
4,6082,15.600 TND
4,6083,15.600 TND
4,0,43.680 TND
4,6084,88.920 TND
4,6085,140.400 TND
4,6086,118.560 TND
4,6087,140.400 TND
4,6088,218.400 TND
4,6089,140.400 TND
4,6090,156.000 TND
4,6091,149.760 TND
4,6092,1.560 TND
4,6093,62.400 TND
4,6098,156.000 TND
4,6099,90.480 TND
4,6100,46.800 TND
4,6101,589.680 TND
4,6102,390.000 TND
4,6107,118.560 TND
4,6108,40.560 TND
4,6109,40.560 TND
4,6110,37.440 TND
4,6111,37.440 TND
4,6112,37.440 TND
4,6113,46.800 TND
4,6114,24.960 TND
4,6115,31.200 TND
4,6116,46.800 TND
4,6117,46.800 TND
4,6118,31.200 TND
4,6120,15.600 TND
4,6121,18.720 TND
4,6122,12.480 TND
4,6123,68.640 TND
4,6124,62.400 TND
4,6126,78.000 TND
4,6127,24.960 TND
4,6128,62.400 TND
4,6129,28.080 TND
4,6131,56.160 TND
4,6133,46.800 TND
4,6134,84.240 TND
4,6135,56.160 TND
4,6136,46.800 TND
4,6137,31.200 TND
4,6138,31.200 TND
4,6139,24.960 TND
4,6140,15.600 TND
4,6142,21.840 TND
4,6143,78.000 TND
4,6144,12.480 TND
4,6145,53.040 TND
4,6146,46.800 TND
4,6147,46.800 TND
4,6148,46.800 TND
4,6149,68.640 TND
4,6150,37.440 TND
4,6151,78.000 TND
4,6152,93.600 TND
4,6153,78.000 TND
4,6154,78.000 TND
4,6155,78.000 TND
4,6156,78.000 TND
4,6157,68.640 TND
4,6158,28.080 TND
4,6159,171.600 TND
4,6160,37.440 TND
4,6161,171.600 TND
4,6163,21.840 TND
4,6165,15.600 TND
4,6167,171.600 TND
4,6168,31.200 TND
4,6169,37.440 TND
4,6170,31.200 TND
4,6171,171.600 TND
4,6172,171.600 TND
4,6173,171.600 TND
4,6175,171.600 TND
4,6176,171.600 TND
4,0,37.440 TND
4,6177,171.600 TND
4,6178,78.000 TND
4,6179,78.000 TND
4,6180,78.000 TND
4,0,78.000 TND
4,6181,78.000 TND
4,6182,28.080 TND
4,6183,171.600 TND
4,6184,46.800 TND
4,6185,62.400 TND
4,6186,46.800 TND
4,6187,46.800 TND
4,6188,18.127 TND
4,6192,84.240 TND
4,6193,78.000 TND
4,6194,146.640 TND
4,6195,156.000 TND
4,6196,31.200 TND
4,6197,78.000 TND
4,6198,49.920 TND
4,6199,436.800 TND
4,6200,"1,092.000 TND"
4,6201,780.000 TND
4,6202,764.400 TND
4,6203,577.200 TND
4,6204,23.400 TND
4,6205,43.680 TND
4,6206,9.360 TND
4,6207,99.840 TND
4,6208,171.600 TND
4,6209,390.000 TND
4,6210,78.000 TND
4,6211,998.400 TND
4,6212,121.680 TND
4,6213,78.000 TND
4,6215,327.600 TND
4,6216,49.920 TND
4,6217,46.800 TND
4,6218,56.160 TND
4,6219,29.640 TND
4,6223,21.840 TND
4,6224,18.720 TND
4,6225,18.720 TND
4,6226,62.400 TND
4,6227,46.800 TND
4,6228,62.400 TND
4,6229,62.400 TND
4,6230,62.400 TND
4,6232,62.400 TND
4,6233,62.400 TND
4,6234,46.800 TND
4,6238,399.360 TND
4,6239,171.600 TND
4,6240,187.200 TND
4,6241,171.600 TND
4,6242,218.400 TND
4,6243,218.400 TND
4,6244,218.400 TND
4,6245,0.000 TND
4,6246,0.000 TND
4,6247,0.000 TND
4,6249,0.000 TND
4,6250,0.000 TND
4,6251,0.000 TND
4,6252,0.000 TND
4,6253,0.000 TND
4,6254,0.000 TND
4,6255,0.000 TND
4,6256,0.000 TND
4,6257,0.000 TND
4,6258,577.200 TND
4,6259,171.600 TND
4,6260,171.600 TND
4,6261,608.400 TND
4,6262,483.600 TND
4,6263,140.400 TND
4,6264,308.880 TND
4,6265,483.600 TND
4,6266,37.440 TND
4,6267,37.440 TND
4,6269,6.240 TND
4,0,3.120 TND
4,0,3.120 TND
4,0,3.120 TND
4,0,4.680 TND
4,0,3.120 TND
4,0,2.808 TND
4,0,0.125 TND
4,6271,0.062 TND
4,6272,115.440 TND
4,6274,28.080 TND
4,6275,6.209 TND
4,6277,9.360 TND
4,6279,592.800 TND
4,6281,390.000 TND
4,6284,"1,026.480 TND"
4,6287,187.200 TND
4,6288,118.560 TND
4,6289,18.720 TND
4,6290,99.840 TND
4,6292,24.960 TND
4,6293,28.080 TND
4,6294,6.240 TND
4,6295,90.480 TND
4,6296,24.960 TND
4,6297,49.140 TND
4,6298,10.920 TND
4,6299,9.360 TND
4,6300,24.960 TND
4,6301,62.400 TND
4,6302,59.280 TND
4,6303,93.600 TND
4,6304,93.600 TND
4,6305,37.440 TND
4,6306,10.920 TND
4,0,9.360 TND
3,5104,55.000 TND
3,5105,35.000 TND
3,5106,74.000 TND
3,5107,70.000 TND
3,5108,70.000 TND
3,5109,140.000 TND
3,5110,75.000 TND
3,5111,80.000 TND
3,5112,110.000 TND
3,5113,93.000 TND
3,5114,133.000 TND
3,5115,53.000 TND
3,5116,220.000 TND
3,5117,90.000 TND
3,5118,47.000 TND
3,5119,140.000 TND
3,5120,137.000 TND
3,5121,190.000 TND
3,5122,153.000 TND
3,5123,127.000 TND
3,5124,130.000 TND
3,5125,109.000 TND
3,5126,99.500 TND
3,5127,99.000 TND
3,5128,211.000 TND
3,5129,220.000 TND
3,5130,99.000 TND
3,5131,164.000 TND
3,5132,45.000 TND
3,5133,45.000 TND
3,5134,En stock
3,5135,56.000 TND
3,5136,59.000 TND
3,5137,164.000 TND
3,5138,164.000 TND
3,5139,65.000 TND
3,5140,49.000 TND
3,5141,89.000 TND
3,5142,180.000 TND
3,5143,180.000 TND
3,5144,180.000 TND
3,5145,138.000 TND
3,5146,24.000 TND
3,5147,24.000 TND
3,5148,390.000 TND
3,5149,390.000 TND
3,5150,390.000 TND
3,5151,40.000 TND
3,5152,300.000 TND
3,5153,En stock
3,5154,300.000 TND
3,0,En stock
3,5155,240.000 TND
3,5156,600.000 TND
3,5157,750.000 TND
3,5158,160.000 TND
3,5159,160.000 TND
3,5160,En stock
3,5161,160.000 TND
3,0,Rupture de stock
3,5162,160.000 TND
3,5163,220.000 TND
3,5164,220.000 TND
3,5165,220.000 TND
3,5166,140.000 TND
3,5167,55.000 TND
3,5168,85.000 TND
3,5169,99.000 TND
3,5170,89.000 TND
3,5171,36.000 TND
3,5172,En stock
3,5173,36.000 TND
3,0,Rupture de stock
3,5174,36.000 TND
3,0,En stock
3,5175,75.000 TND
3,5176,En stock
3,5177,56.000 TND
3,5178,En stock
3,5179,240.000 TND
3,5180,En stock
3,5181,240.000 TND
3,0,En stock
3,5182,85.000 TND
3,5183,85.000 TND
3,5184,75.000 TND
3,5185,75.000 TND
3,5186,75.000 TND
3,5187,55.000 TND
2,1500,د.ت30.00
2,1501,-1
2,1505,-1
2,1507,-1
2,1508,-1
2,1509,د.ت60.00
2,1510,د.ت21.00
2,1511,د.ت21.00
2,1512,د.ت60.00
2,1513,د.ت60.00
2,1514,د.ت60.00
2,1515,د.ت9.00
2,1516,د.ت24.00
2,1517,د.ت21.00
2,1518,د.ت9.00
2,1519,د.ت9.00
2,1520,د.ت23.90
2,1521,د.ت9.00
2,1522,د.ت60.00
2,1523,-1
2,1524,-1
2,1525,د.ت9.00
2,1526,د.ت9.00
2,1527,د.ت25.00
2,1528,د.ت25.00
2,1530,د.ت9.00
2,1531,د.ت60.00
2,1532,-1
2,1534,-1
2,1535,د.ت43.65
2,1537,-1
2,1538,د.ت308.94
2,1539,-1
2,1540,-1
2,1541,-1
2,1542,-1
2,1543,-1
2,1544,-1
2,1546,-1
2,1547,-1
2,1548,-1
2,1549,-1
2,1550,-1
2,1551,-1
2,1552,-1
2,1553,-1
2,1554,-1
2,1555,-1
2,1556,-1
2,1557,-1
2,1558,د.ت35.00
2,1559,-1
2,1560,-1
2,1561,-1
2,1562,-1
2,1563,د.ت145.00
2,1564,-1
2,1565,-1
2,1566,-1
2,1567,-1
2,1568,-1
2,1571,-1
2,1572,-1
2,1573,-1
2,1575,-1
2,1577,-1
2,1578,-1
2,1579,-1
2,1580,د.ت160.00
2,1581,-1
2,1583,-1
2,1584,-1
2,1585,-1
2,1586,-1
2,1587,-1
2,1588,-1
2,1589,-1
2,1591,-1
2,1592,-1
2,1593,-1
2,1594,-1
2,1595,-1
2,1596,-1
2,1597,-1
2,1598,د.ت40.00
2,1599,د.ت39.99
2,1600,د.ت39.99
2,1601,د.ت27.99
2,1602,-1
2,1603,-1
2,1605,-1
2,0,-1
2,1606,-1
2,1607,-1
2,1608,-1
2,1609,د.ت24.90
2,1610,-1
2,1611,-1
2,1612,-1
2,1613,-1
2,1615,د.ت21.00
2,1616,-1
2,1617,د.ت23.90
2,1618,-1
2,1619,-1
2,1620,-1
2,1621,-1
2,1622,د.ت19.99
2,1623,د.ت35.00
2,0,د.ت35.00
2,1624,-1
2,1625,د.ت59.99
2,0,د.ت59.99
2,1626,-1
2,1627,د.ت45.00
2,1628,د.ت80.00
2,1629,د.ت22.00
2,1630,-1
2,1631,-1
2,1632,-1
2,1633,د.ت65.00
2,1634,-1
2,1635,د.ت60.00
2,1636,-1
2,1637,د.ت165.00
2,1638,د.ت75.00
2,1639,د.ت240.00
2,1640,د.ت240.00
2,1641,-1
2,1642,د.ت155.00
2,1644,-1
2,1645,د.ت59.99
2,1646,د.ت62.00
2,1647,-1
2,1648,-1
2,1649,-1
2,1651,د.ت25.00
2,1652,د.ت21.00
2,1653,د.ت16.00
2,1654,د.ت25.00
2,1655,-1
2,1656,-1
2,1658,-1
2,1660,-1
2,1661,-1
2,1662,-1
2,1663,د.ت23.90
2,1664,-1
2,1666,-1
2,0,-1
2,1667,-1
2,1668,-1
2,1671,د.ت39.90
2,1672,د.ت15.00
2,1673,-1
2,1674,د.ت23.90
2,0,د.ت23.90
2,1675,د.ت9.00
2,1676,د.ت9.00
2,1677,د.ت9.00
2,1678,د.ت9.00
2,1679,د.ت9.00
2,1680,د.ت9.00
2,1681,د.ت9.00
2,1683,د.ت15.00
2,1684,د.ت15.00
2,1685,د.ت14.90
2,1686,د.ت14.90
2,1687,د.ت23.90
2,1688,د.ت23.90
2,1689,د.ت14.90
2,1690,د.ت23.90
2,1691,د.ت21.00
2,1692,د.ت21.00
2,1693,د.ت21.00
2,1694,د.ت21.00
2,1695,د.ت25.00
2,1696,د.ت24.90
2,1697,د.ت25.00
2,1698,د.ت25.00
2,1699,د.ت25.00
2,1700,د.ت60.00
2,1701,د.ت60.00
2,1702,د.ت60.00
2,1703,د.ت60.00
2,1704,د.ت60.00
2,1705,د.ت60.00
2,1706,د.ت60.00
2,1707,د.ت19.99
2,1708,-1
2,1709,-1
2,1710,-1
2,1711,-1
2,1712,-1
2,1713,-1
2,1714,-1
2,1715,-1
2,1716,-1
2,1717,-1
2,1718,-1
2,1719,-1
2,1720,-1
2,1721,-1
2,1722,-1
2,1723,-1
2,1724,-1
2,1725,-1
2,1726,د.ت30.00
2,1727,-1
2,1728,د.ت30.00
2,1730,-1
2,1731,-1
2,1732,-1
2,1733,-1
2,1734,-1
2,1735,-1
2,1736,-1
2,1737,د.ت25.00
2,1738,-1
2,1739,-1
2,1740,د.ت39.99
2,1741,-1
2,1743,-1
2,1745,د.ت12.00
2,1746,د.ت245.13
2,1747,د.ت100.74
2,1748,-1
2,1749,د.ت80.59
2,1750,-1
2,1751,-1
2,1752,-1
2,1755,-1
2,1756,-1
2,1757,-1
2,1758,د.ت400.00
2,1760,د.ت280.00
2,1761,د.ت25.00
2,1762,د.ت7.00
2,1764,د.ت29.99
2,1765,د.ت255.21
2,1766,د.ت61.90
2,1767,د.ت27.99
2,1768,-1
2,1769,د.ت16.00
2,1770,-1
2,1771,د.ت180.00
2,1773,د.ت24.99
2,1774,-1
2,1775,د.ت220.00
2,1776,د.ت590.00
2,1777,د.ت400.00
2,1778,د.ت220.00
2,1779,د.ت370.00
2,1780,د.ت400.00
2,1781,-1
2,1783,د.ت800.00
2,1784,د.ت400.00
2,1785,-1
2,1786,-1
2,1787,-1
2,1788,-1
2,1789,-1
2,1791,د.ت191.41
2,1792,-1
2,1793,د.ت228.34
2,1794,د.ت16.00
2,1795,-1
2,1796,-1
2,1797,د.ت25.00
2,1798,-1
2,1799,-1
2,1800,-1
2,1801,-1
2,1802,د.ت83.95
2,1803,-1
2,1804,د.ت54.99
2,1805,-1
2,1807,-1
2,1808,-1
2,1809,-1
2,1810,د.ت99.00
2,1811,-1
2,1812,د.ت10.00
2,1813,-1
2,1814,د.ت150.00
2,1815,-1
2,1816,د.ت31.00
2,1817,-1
2,1818,-1
2,1819,د.ت120.00
2,1820,د.ت31.00
2,1821,د.ت110.00
2,1822,-1
2,1823,-1
2,1824,-1
2,1825,-1
2,1826,-1
2,1827,-1
2,1828,-1
2,1829,-1
2,1830,-1
2,1831,-1
2,1832,-1
2,1834,د.ت76.90
2,1835,د.ت319.01
2,1836,د.ت19.99
2,1837,-1
2,1838,د.ت130.96
2,1839,-1
2,1840,-1
2,1841,-1
2,1842,-1
2,1843,-1
2,1844,-1
2,1845,-1
2,1846,-1
2,1847,-1
2,1848,-1
2,1850,-1
2,1851,د.ت50.00
2,1852,-1
2,1853,-1
2,1854,-1
2,1855,-1
2,1856,-1
2,1857,-1
2,1858,-1
2,1859,-1
2,1860,-1
2,1861,-1
2,1862,-1
2,1863,-1
2,1864,د.ت19.99
2,1865,-1
2,1866,د.ت50.00
2,1867,د.ت169.00
2,1868,-1
2,1869,-1
2,1870,-1
2,1871,د.ت60.00
2,1872,د.ت40.00
2,1873,د.ت40.00
2,1874,د.ت30.00
2,1875,د.ت160.00
2,1876,د.ت30.00
2,1877,د.ت160.00
2,1878,د.ت80.00
2,1879,-1
2,1880,د.ت255.21
2,1881,د.ت194.76
2,1882,-1
2,1883,-1
2,1884,د.ت107.46
2,1885,-1
2,1886,-1
2,1887,-1
2,1888,-1
2,1890,-1
2,1891,-1
2,1892,-1
2,1893,-1
2,1894,-1
2,1895,-1
2,1896,د.ت165.00
2,1897,د.ت165.00
2,1898,د.ت135.00
2,1899,-1
2,1900,د.ت164.54
2,1901,د.ت63.80
2,1902,د.ت117.53
2,1903,د.ت28.00
2,1904,-1
2,1905,-1
2,1906,-1
2,1907,د.ت225.00
2,1908,-1
2,1909,-1
2,1910,-1
2,1911,-1
2,1912,د.ت95.00
2,1913,-1
2,1914,-1
2,1915,د.ت15.00
2,1916,-1
2,1917,-1
2,1918,-1
2,1919,-1
2,1920,د.ت19.99
2,1921,د.ت27.99
2,1922,د.ت70.00
2,1923,-1
2,1924,-1
2,1925,-1
2,1926,د.ت261.92
2,1928,-1
2,1929,-1
2,1930,-1
2,1931,-1
2,1932,-1
2,1933,-1
2,1934,-1
2,1935,-1
2,1936,-1
2,1937,-1
2,1938,-1
2,1940,-1
2,1941,-1
2,1942,-1
2,1943,-1
2,1944,-1
2,1945,-1
2,1947,-1
2,1948,-1
2,1949,د.ت75.00
2,1950,-1
2,1951,-1
2,1952,-1
2,1953,-1
2,1954,-1
2,1955,-1
2,1956,د.ت167.30
2,1957,د.ت45.00
2,1958,د.ت36.00
2,1959,د.ت13.00
2,1960,د.ت63.00
2,1961,د.ت108.00
2,1963,د.ت134.32
2,1964,د.ت85.00
2,1965,د.ت265.00
2,1966,-1
2,1967,-1
2,1968,-1
2,1969,-1
2,1970,-1
2,1971,-1
2,1972,-1
2,1973,-1
2,1974,د.ت100.74
2,1975,د.ت251.85
2,1976,-1
2,1977,-1
2,1978,د.ت255.21
2,1979,د.ت255.21
2,1980,-1
2,1981,د.ت255.21
2,1982,"د.ت151,110.00"
2,1983,-1
2,1984,-1
2,1985,-1
2,1986,-1
2,1987,-1
2,1988,-1
2,1989,-1
2,1990,-1
2,1991,د.ت218.27
2,1992,د.ت28.99
2,1993,-1
2,1994,-1
2,1995,-1
2,1996,-1
2,1997,د.ت228.34
2,1998,د.ت144.39
2,1999,-1
2,2000,-1
2,2001,-1
2,2002,-1
2,2003,د.ت298.86
2,2004,د.ت251.85
2,2005,د.ت251.85
2,2006,د.ت198.12
2,2007,د.ت114.17
2,2008,-1
2,2009,-1
2,2011,د.ت130.96
2,2012,د.ت130.96
2,2013,-1
2,2014,-1
2,2015,-1
2,2017,د.ت24.90
2,2018,د.ت167.90
2,2019,-1
2,2020,-1
2,2021,د.ت167.90
2,2022,-1
2,2023,-1
2,2024,-1
2,2025,د.ت23.51
2,2026,د.ت99.99
2,2027,-1
2,2028,د.ت198.12
2,2029,-1
2,2030,-1
2,2031,-1
2,2032,د.ت900.00
2,2033,"د.ت2,000.00"
2,2034,-1
2,2035,-1
2,2036,-1
2,2037,-1
2,2038,-1
2,2039,د.ت50.00
2,2040,-1
2,2041,-1
2,2042,-1
2,2043,د.ت298.86
2,2045,-1
2,2046,-1
2,2047,-1
2,2048,د.ت115.00
2,2049,د.ت95.00
2,2050,-1
2,2051,د.ت24.90
2,2052,د.ت19.50
2,2053,-1
2,2054,د.ت265.00
2,2055,د.ت225.00
2,2056,-1
2,2057,د.ت55.00
2,2058,-1
2,2059,د.ت73.99
2,2060,د.ت73.99
2,2061,د.ت73.90
2,2062,د.ت26.99
2,2063,د.ت27.00
2,2064,د.ت26.99
2,2065,-1
2,2066,-1
2,2067,د.ت85.00
2,2068,د.ت205.00
2,2069,د.ت28.00
2,2070,د.ت32.99
2,2071,-1
2,2072,د.ت40.99
2,2073,-1
2,2074,-1
2,2075,د.ت62.90
2,2076,د.ت165.00
2,2077,-1
2,2078,-1
2,2079,-1
2,2080,د.ت30.00
2,2081,د.ت30.00
2,2082,د.ت30.00
2,2083,-1
2,2084,-1
2,2085,د.ت54.90
2,2086,د.ت54.90
2,2087,د.ت85.00
2,2088,-1
2,2089,-1
2,2090,-1
2,2091,-1
2,2092,-1
2,2093,-1
2,2094,-1
2,2095,-1
2,2096,د.ت69.99
2,2097,-1
2,2098,د.ت132.99
2,2099,د.ت62.99
2,2100,-1
2,2101,د.ت174.99
2,2102,د.ت101.99
2,2103,د.ت119.99
2,2104,-1
2,2105,-1
2,2106,-1
2,2107,-1
2,2108,-1
2,2109,-1
2,2110,د.ت85.00
2,2111,د.ت22.00
2,2112,-1
2,2113,د.ت28.50
2,2114,د.ت90.00
2,2115,-1
2,2116,-1
2,2118,د.ت59.99
2,2119,د.ت19.99
2,2120,د.ت45.00
2,2121,د.ت19.99
2,2122,-1
2,2123,-1
2,2124,-1
2,2125,-1
2,2126,-1
2,2127,-1
2,2129,-1
2,2130,-1
2,2131,-1
2,2132,-1
2,2133,د.ت240.00
2,2134,-1
2,2135,-1
2,2136,د.ت40.00
2,2137,د.ت55.00
2,2138,-1
2,2139,-1
2,2140,د.ت65.00
2,2141,د.ت23.00
2,2142,د.ت114.99
2,2144,د.ت119.00
2,2145,-1
2,2146,د.ت170.00
2,2147,د.ت170.00
2,2148,د.ت75.00
2,2149,د.ت18.00
2,2150,د.ت90.00
2,2151,د.ت140.00
2,2152,د.ت23.90
2,2153,د.ت93.99
2,2154,-1
2,2155,د.ت45.00
2,2156,د.ت165.00
2,2157,-1
2,2158,-1
2,2160,-1
2,2161,-1
2,2162,-1
2,2163,-1
2,2164,-1
2,2165,-1
2,2166,-1
2,2168,د.ت265.90
2,2169,د.ت450.00
2,2170,د.ت265.90
2,2171,د.ت450.00
2,2172,د.ت130.00
2,2173,د.ت220.00
2,2174,د.ت105.00
2,2175,د.ت29.00
2,2176,-1
2,2177,د.ت29.00
2,2178,د.ت29.00
2,2179,-1
2,2180,-1
2,2181,-1
2,2182,-1
2,2183,-1
2,2184,-1
2,2185,-1
2,2186,-1
2,2187,-1
2,2188,-1
2,2189,-1
2,2190,-1
2,2191,-1
2,2192,-1
2,2194,-1
2,2195,-1
2,2196,-1
2,2197,-1
2,2198,-1
2,2199,-1
2,2200,-1
2,2201,-1
2,2203,-1
2,2204,-1
2,2205,-1
2,2206,-1
2,2207,-1
2,2208,-1
2,2209,-1
2,2210,-1
2,2211,-1
2,2212,-1
2,2217,-1
2,2218,-1
2,2219,-1
2,2220,-1
2,2225,-1
2,2226,-1
2,2227,-1
2,2228,-1
2,2229,-1
2,2230,-1
2,2231,-1
2,2232,-1
2,2233,-1
2,2234,-1
2,2235,د.ت25.99
2,2236,-1
2,2237,-1
2,2238,د.ت20.00
2,2239,-1
2,2240,د.ت24.99
2,2241,د.ت24.99
2,2242,-1
2,2243,-1
2,2244,-1
2,2245,-1
2,2246,-1
2,2247,-1
2,2250,-1
2,2251,-1
2,2252,-1
2,2253,-1
2,2254,-1
2,2255,-1
2,2256,-1
2,2257,-1
2,2258,-1
2,2259,-1
2,2260,-1
2,2261,-1
2,2262,-1
2,2263,-1
2,2264,-1
2,2265,-1
2,2267,-1
2,2268,-1
2,2270,-1
2,2271,-1
2,2273,-1
2,2274,د.ت94.99
2,2275,-1
2,2276,-1
2,2277,-1
2,2278,د.ت210.00
2,2279,-1
2,2280,-1
2,2281,د.ت20.00
2,2282,د.ت19.99
2,2283,د.ت59.00
2,2285,د.ت49.00
2,2287,د.ت272.99
2,2288,-1
2,2289,-1
2,2291,-1
2,2292,-1
2,2294,د.ت249.99
2,2295,د.ت309.99
2,2296,-1
2,2297,-1
2,2298,-1
2,2299,-1
2,2302,-1
2,2303,د.ت349.99
2,2305,-1
2,2306,-1
2,2307,د.ت15.55
2,2308,-1
2,2309,-1
2,2310,-1
2,2311,د.ت30.00
2,2312,د.ت150.00
2,2313,د.ت249.90
2,2314,د.ت24.90
2,2315,د.ت50.00
2,2316,د.ت999.00
2,2317,-1
2,2318,د.ت700.00
2,2319,د.ت139.90
2,2320,د.ت950.00
2,2322,د.ت99.90
2,2323,د.ت99.90
2,2324,د.ت41.99
2,2325,-1
2,2326,-1
2,2327,د.ت255.00
2,2328,د.ت160.00
2,2329,-1
2,2330,د.ت21.90
2,2331,د.ت84.90
2,2332,د.ت135.00
2,2333,-1
2,2334,-1
2,2335,-1
2,2336,-1
2,2337,-1
2,2338,د.ت123.00
2,2339,د.ت119.00
2,2340,-1
2,2341,-1
2,2342,د.ت129.99
2,2343,-1
2,2344,د.ت69.00
2,2345,د.ت25.00
2,2346,-1
2,2349,-1
2,2350,-1
2,2351,د.ت175.00
2,2352,د.ت62.00
2,2353,د.ت165.00
2,2354,-1
2,2355,-1
2,2356,-1
2,2357,-1
2,0,-1
2,0,-1
2,0,-1
2,2358,-1
2,2359,-1
2,2360,-1
2,2361,-1
2,2362,-1
2,2363,-1
2,2364,د.ت42.50
2,2365,-1
2,2366,-1
2,2367,-1
2,2368,-1
2,2369,-1
2,2370,-1
2,2371,-1
2,2372,د.ت9.00
2,2373,د.ت9.00
2,2374,-1
2,2375,-1
2,2377,-1
2,2378,-1
2,2379,-1
2,2380,-1
2,2381,-1
2,0,-1
2,2382,-1
2,2383,د.ت42.50
2,2384,-1
2,2385,-1
2,2386,-1
2,2387,د.ت179.99
2,2388,د.ت149.00
2,2389,-1
2,2391,-1
2,2392,د.ت150.00
2,2393,-1
2,2394,-1
2,2395,-1
2,2396,-1
2,2397,-1
2,2398,-1
2,2399,-1
2,2400,د.ت20.00
2,2401,د.ت150.00
2,2402,د.ت150.00
2,2403,د.ت150.00
2,2404,د.ت150.00
2,2405,د.ت150.00
2,2406,د.ت150.00
2,2407,د.ت150.00
2,2408,د.ت150.00
2,2409,د.ت150.00
2,2410,د.ت150.00
2,2411,د.ت150.00
2,2412,د.ت150.00
2,2413,د.ت150.00
2,2414,د.ت150.00
2,2415,د.ت150.00
2,2416,د.ت150.00
2,2417,د.ت150.00
2,2418,د.ت150.00
2,2419,د.ت150.00
2,2420,د.ت150.00
2,2422,د.ت45.00
2,0,د.ت45.00
2,2423,د.ت26.00
2,2424,د.ت470.00
2,2425,د.ت270.00
2,2426,-1
2,2428,د.ت60.00
2,0,د.ت60.00
2,2429,-1
2,2431,-1
2,2432,-1
2,2433,-1
2,2434,-1
2,2435,-1
2,2436,-1
2,2437,-1
2,2438,د.ت60.80
2,2439,-1
2,2440,-1
2,2443,-1
2,2444,-1
2,2445,-1
2,2446,-1
2,2449,د.ت85.00
2,2450,د.ت125.00
2,2451,-1
2,2452,-1
2,2453,-1
2,2454,-1
2,2455,-1
2,2456,-1
2,2457,د.ت50.00
2,2458,د.ت110.00
2,2459,-1
2,2461,-1
2,2462,-1
2,2463,-1
2,2464,-1
2,2465,-1
2,2466,د.ت40.00
2,2467,-1
2,2468,-1
2,2470,د.ت7.00
2,2471,-1
2,2472,د.ت180.00
2,2473,د.ت10.00
2,2474,د.ت15.00
2,2475,د.ت45.00
2,2476,-1
2,2477,-1
2,2478,-1
2,2479,-1
2,2480,-1
2,2481,د.ت85.00
2,2483,-1
2,2484,د.ت150.00
2,2485,-1
2,2486,-1
2,2487,-1
2,2488,-1
2,2489,-1
2,2490,-1
2,2491,-1
2,2493,-1
2,2509,د.ت0.00
2,2510,-1
2,2515,-1
2,2516,-1
2,2517,-1
2,2530,-1
2,2531,د.ت80.59
2,2532,-1
2,2533,-1
2,2535,د.ت258.57
2,2536,د.ت268.64
2,2537,د.ت258.57
2,2540,-1
2,2541,-1
2,2543,د.ت73.88
2,2546,د.ت174.62
2,2553,د.ت201.48
2,2555,-1
2,2556,-1
2,2557,-1
2,2558,د.ت55.98
2,2559,-1
2,2560,د.ت167.90
2,2563,د.ت345.87
2,2565,د.ت90.00
2,2566,د.ت90.00
2,2567,د.ت90.00
2,2568,-1
2,2573,-1
2,2574,د.ت258.57
2,2575,-1
2,2576,-1
2,2577,-1
2,2578,د.ت90.67
2,2579,د.ت141.04
2,2582,-1
2,2583,-1
2,2587,-1
2,2588,-1
2,2589,-1
2,2590,-1
2,2591,د.ت97.38
2,2592,د.ت110.81
2,2593,د.ت90.67
2,2595,-1
2,2596,د.ت90.67
2,2597,-1
2,2599,-1
2,2600,-1
2,2604,-1
2,2605,-1
2,2606,-1
2,2609,-1
2,2610,د.ت141.04
2,2612,-1
2,0,د.ت141.04
2,2615,د.ت63.80
2,2616,د.ت117.53
2,2617,د.ت112.00
2,2618,-1
2,2619,-1
2,2620,-1
2,2624,د.ت100.74
2,2625,د.ت100.74
2,2627,د.ت100.74
2,2629,د.ت386.17
2,2632,د.ت167.90
2,2634,-1
2,2635,-1
2,2637,د.ت100.74
2,2638,-1
2,2639,د.ت107.46
2,2640,-1
2,2642,د.ت235.06
2,2643,-1
2,2644,د.ت80.59
2,0,د.ت80.59
2,2645,د.ت201.48
2,2646,-1
2,2648,د.ت60.00
2,2650,د.ت80.59
2,2652,-1
2,2653,-1
2,0,-1
2,2654,-1
2,2655,د.ت258.57
2,0,-1
2,0,-1
2,2656,-1
2,2657,د.ت319.01
2,2658,د.ت63.80
2,2659,د.ت80.59
2,0,-1
2,2661,-1
2,2665,د.ت117.53
2,0,-1
2,2676,-1
2,2678,د.ت36.94
2,2680,د.ت181.33
2,2683,د.ت194.76
2,2684,-1
2,2685,-1
2,2686,د.ت127.60
2,2687,د.ت235.06
2,2690,د.ت285.43
2,2691,-1
2,2694,د.ت345.87
2,2697,د.ت345.87
2,2699,-1
2,2703,-1
2,2705,-1
2,2706,د.ت117.53
2,2707,د.ت413.03
2,2709,د.ت127.60
2,2711,-1
2,0,-1
2,0,-1
2,2715,د.ت298.86
2,2717,د.ت134.32
2,2718,د.ت100.74
2,2719,د.ت117.53
2,2720,د.ت117.53
2,0,د.ت100.74
2,2721,-1
2,2722,-1
2,0,-1
2,2723,-1
2,2724,-1
2,2725,-1
2,2726,-1
2,2727,د.ت114.17
2,2728,-1
2,2729,-1
2,2731,-1
2,2732,د.ت211.55
2,2734,-1
2,2736,د.ت181.33
2,2737,د.ت298.86
2,2738,د.ت170.00
2,2739,-1
2,2741,-1
2,2742,د.ت295.50
2,2743,-1
2,2744,-1
2,2745,د.ت100.74
2,2746,-1
2,2748,-1
2,2750,-1
2,2752,د.ت97.38
2,2753,د.ت90.67
2,2754,د.ت141.04
2,2756,د.ت90.67
2,2757,د.ت90.67
2,2758,د.ت191.41
2,2759,د.ت191.41
2,2760,د.ت218.27
2,2761,د.ت90.67
2,2762,د.ت90.67
2,2763,د.ت90.67
2,2764,-1
2,0,-1
2,2765,د.ت90.67
2,2766,-1
2,2767,د.ت90.67
2,0,د.ت141.04
2,2768,-1
2,2771,-1
2,2772,-1
2,2773,-1
2,2774,د.ت191.41
2,2775,د.ت97.38
2,2776,د.ت90.67
2,2777,د.ت114.17
2,2778,-1
2,2779,-1
2,2780,-1
2,2781,د.ت473.48
2,2782,د.ت110.00
2,2783,د.ت167.90
2,2785,-1
2,2789,د.ت181.33
2,2794,د.ت181.33
2,2795,د.ت198.12
2,2796,د.ت191.41
2,2804,-1
2,2805,-1
2,2806,-1
2,2807,-1
2,2808,-1
2,2811,د.ت258.57
2,2812,د.ت235.06
2,2813,د.ت235.06
2,2818,-1
2,2821,"د.ت1,282.76"
2,2822,د.ت755.55
2,2823,د.ت104.10
2,2824,-1
2,2826,د.ت70.00
2,2827,-1
2,2829,-1
2,2832,د.ت157.83
2,2833,د.ت285.43
2,2838,-1
2,2840,د.ت167.90
2,2841,د.ت104.10
2,2842,-1
2,2843,د.ت208.20
2,2845,د.ت181.33
2,2846,د.ت423.11
2,2848,د.ت191.41
2,2849,د.ت181.33
2,2850,د.ت130.96
2,2851,د.ت181.33
2,2852,-1
2,2853,-1
2,2854,-1
2,2855,د.ت181.33
2,2856,د.ت157.83
2,2857,-1
2,2858,د.ت335.80
2,2859,د.ت185.36
2,2860,د.ت73.88
2,2861,د.ت235.06
2,2862,د.ت308.94
2,2863,د.ت181.33
2,2864,د.ت235.06
2,2865,د.ت335.80
2,2866,د.ت285.43
2,2867,-1
2,2868,-1
2,2869,-1
2,2870,د.ت157.83
2,2871,د.ت151.11
2,2872,د.ت147.75
2,2873,-1
2,2874,د.ت141.04
2,2876,-1
2,2877,-1
2,0,-1
2,2878,-1
2,2880,-1
2,2881,-1
2,2882,د.ت258.57
2,2883,د.ت208.20
2,2884,د.ت157.83
2,2885,د.ت157.83
2,2886,د.ت151.11
2,2888,-1
2,2889,د.ت372.74
2,2890,-1
2,2891,-1
2,2892,د.ت83.95
2,2893,د.ت83.95
2,2894,-1
2,2895,د.ت191.41
2,2896,-1
2,2897,-1
2,2898,-1
2,2899,-1
2,2900,د.ت201.48
2,2901,-1
2,2902,د.ت191.41
2,2903,-1
2,2904,-1
2,2905,-1
2,2906,-1
2,2908,-1
2,2909,-1
2,2911,-1
2,2915,د.ت140.00
2,2916,-1
2,2917,د.ت201.48
2,2918,د.ت141.04
2,2919,د.ت295.50
2,2920,-1
2,2921,د.ت718.61
2,2922,د.ت167.90
2,2923,د.ت389.53
2,2924,-1
2,2925,د.ت319.01
2,2926,د.ت151.11
2,2927,د.ت114.17
2,2928,د.ت141.04
2,2929,د.ت127.60
2,2930,-1
2,0,د.ت127.60
2,2931,-1
2,2932,د.ت218.27
2,2933,-1
2,2934,-1
2,2936,د.ت198.12
2,2937,-1
2,2938,د.ت319.01
2,2940,-1
2,2941,-1
2,2942,-1
2,2943,د.ت191.41
2,2944,-1
2,2945,-1
2,2947,-1
2,2948,-1
2,2949,-1
2,2951,-1
2,2952,-1
2,2953,-1
2,2954,د.ت63.80
2,2955,-1
2,2956,-1
2,2957,-1
2,2958,د.ت235.06
2,2959,د.ت140.00
2,2960,-1
2,2961,-1
2,2962,-1
2,2963,-1
2,2966,د.ت104.10
2,2967,د.ت181.33
2,2968,د.ت987.25
2,2969,د.ت181.33
2,2970,د.ت181.33
2,2971,د.ت319.01
2,2972,-1
2,2973,-1
2,2974,د.ت218.27
2,2975,د.ت245.13
2,2976,د.ت345.87
2,2977,-1
2,2978,د.ت248.49
2,2979,د.ت248.49
2,2982,د.ت449.97
2,2984,-1
2,2985,-1
2,2986,-1
2,2987,د.ت117.53
2,2988,د.ت83.95
2,2989,د.ت83.95
2,2990,د.ت83.95
2,2992,د.ت335.80
2,2993,د.ت117.53
2,2994,د.ت167.90
2,2995,-1
2,2996,د.ت94.02
2,2997,-1
2,2998,د.ت191.41
2,2999,د.ت141.04
2,3000,د.ت191.41
2,3001,د.ت302.22
2,3002,-1
2,3003,د.ت191.41
2,3004,د.ت151.11
2,3006,-1
2,3007,د.ت211.55
2,3008,د.ت151.11
2,3011,-1
2,3012,-1
2,3013,-1
2,3014,-1
2,3015,د.ت124.25
2,3016,-1
2,3017,د.ت191.41
2,3018,د.ت191.41
2,3020,-1
2,3022,د.ت241.78
2,3023,د.ت184.69
2,3024,د.ت141.04
2,3025,د.ت83.95
2,3026,د.ت201.48
2,3027,-1
2,3028,-1
2,3029,-1
2,3030,-1
2,3031,د.ت151.11
2,3032,-1
2,3033,-1
2,3035,-1
2,3036,د.ت83.95
2,3037,-1
2,3038,-1
2,3039,-1
2,3040,-1
2,3041,-1
2,3042,د.ت67.16
2,3045,-1
2,3046,-1
2,3047,د.ت235.06
2,3049,-1
2,3050,د.ت50.00
2,3051,-1
2,3052,د.ت50.00
2,3053,د.ت50.00
2,3054,د.ت50.00
2,3055,د.ت50.00
2,3056,-1
2,3057,-1
2,3058,-1
2,3059,-1
2,3060,-1
2,3067,د.ت50.37
2,3070,د.ت117.53
2,3071,د.ت167.90
2,3072,د.ت167.90
2,3073,د.ت167.90
2,3074,د.ت335.80
2,3076,-1
2,3077,د.ت137.68
2,3078,-1
2,3079,د.ت453.33
2,3081,د.ت92.14
2,3082,د.ت358.33
2,3083,د.ت235.06
2,3086,د.ت235.06
2,3087,د.ت235.06
2,3088,-1
2,3089,-1
2,3090,-1
2,3091,د.ت204.77
2,3095,د.ت409.68
2,0,-1
2,3097,-1
2,3099,د.ت24.99
2,3101,-1
2,3102,-1
2,3103,د.ت83.95
2,3104,د.ت83.95
2,3105,د.ت194.99
2,3106,د.ت280.00
2,3107,-1
2,3108,-1
2,3109,-1
2,3110,د.ت83.95
2,3111,د.ت83.95
2,3112,د.ت83.95
2,3113,-1
2,3115,د.ت83.95
2,3116,-1
2,3117,د.ت255.00
2,3118,د.ت383.00
2,3119,د.ت383.00
2,3120,د.ت180.00
2,3121,"د.ت167,900.00"
2,3122,د.ت165.99
2,3123,-1
2,3124,-1
2,3125,د.ت83.95
2,3126,-1
2,3127,د.ت332.44
2,3129,د.ت83.95
2,3130,-1
2,3131,-1
2,3132,-1
2,3133,-1
2,3134,-1
2,3135,-1
2,3136,-1
2,3137,-1
2,3138,-1
2,3139,-1
2,3140,-1
2,3141,د.ت218.27
2,3142,د.ت149.00
2,3143,-1
2,3144,-1
2,3145,-1
2,3146,-1
2,3147,-1
2,3148,-1
2,3149,د.ت235.06
2,3150,د.ت235.06
2,3151,د.ت218.27
2,3152,د.ت235.06
2,3153,د.ت235.06
2,3154,-1
2,3155,د.ت285.43
2,3156,-1
2,3157,-1
2,3158,د.ت305.58
2,3159,د.ت238.42
2,3160,د.ت305.58
2,3161,د.ت470.12
2,3162,-1
2,3163,-1
2,3164,د.ت83.95
2,3165,-1
2,3166,-1
2,3167,د.ت167.99
2,3168,د.ت126.00
2,3169,-1
2,3170,-1
2,3171,-1
2,3172,-1
2,3173,-1
2,3174,-1
2,3175,د.ت97.38
2,3176,-1
2,3177,-1
2,3178,-1
2,3179,-1
2,3180,-1
2,3181,-1
2,3182,د.ت198.12
2,3183,-1
2,3184,-1
2,3185,-1
2,3186,-1
2,3187,-1
2,3188,د.ت112.00
2,3189,د.ت100.00
2,3190,-1
2,3191,-1
2,3192,-1
2,3193,-1
2,3194,-1
2,3196,-1
2,3197,-1
2,3198,-1
2,3199,د.ت302.22
2,3200,-1
2,3201,-1
2,3202,-1
2,3203,-1
2,3204,-1
2,3205,-1
2,3206,-1
2,3207,-1
2,3208,-1
2,3209,د.ت50.00
2,3210,د.ت50.00
2,3211,د.ت50.00
2,3212,د.ت50.00
2,3213,د.ت50.00
2,3214,د.ت50.00
2,3215,د.ت50.00
2,3217,د.ت139.99
2,3218,د.ت170.00
2,3219,د.ت379.99
2,3220,د.ت279.99
2,3221,د.ت379.99
2,3222,د.ت379.99
2,3223,د.ت94.99
2,3224,د.ت94.99
2,3225,-1
2,3226,د.ت149.99
2,3227,د.ت129.99
2,3228,د.ت180.00
2,3229,د.ت220.00
2,3230,د.ت400.00
2,3231,-1
2,3232,-1
2,3234,-1
2,3235,-1
2,3236,-1
2,3237,-1
2,3238,-1
2,3239,د.ت50.00
2,3240,-1
2,3241,-1
2,3242,-1
2,3243,-1
2,3244,-1
2,3245,-1
2,3246,-1
2,3247,-1
2,3248,-1
2,3249,-1
2,3250,-1
2,3251,-1
2,3252,د.ت253.99
2,3253,-1
2,0,-1
2,3254,-1
2,3255,-1
2,3256,-1
2,3257,-1
2,3258,-1
2,3259,-1
2,3260,-1
2,3261,-1
2,3262,-1
2,3263,-1
2,3264,-1
2,3265,-1
2,3266,-1
2,3267,-1
2,3268,-1
2,3269,-1
2,3270,-1
2,3279,-1
2,3280,-1
2,3281,-1
2,3282,-1
2,3283,-1
2,3284,-1
2,3285,-1
2,3286,-1
2,3287,-1
2,3288,-1
2,3289,د.ت251.51
2,3293,-1
2,3295,-1
2,3296,-1
2,3298,-1
2,3299,-1
2,3300,د.ت189.00
2,3301,-1
2,3302,د.ت225.00
2,3303,د.ت185.00
2,3304,د.ت250.00
2,3305,-1
2,3306,-1
2,3307,-1
2,3309,-1
2,3310,-1
2,3311,-1
2,3312,-1
2,3313,-1
2,3314,-1
2,3315,-1
2,3316,-1
2,3317,-1
2,3318,-1
2,3319,-1
2,3320,-1
2,3321,-1
2,3322,-1
2,3323,د.ت180.00
2,3325,د.ت50.00
2,3326,د.ت50.00
2,3327,-1
2,3328,-1
2,3329,-1
2,3330,د.ت26.86
2,3331,-1
2,3332,د.ت25.00
2,3333,د.ت21.00
2,3334,د.ت21.00
2,3335,د.ت24.00
2,3336,د.ت23.90
2,3337,-1
2,3338,د.ت26.83
2,3339,د.ت77.23
2,3340,-1
2,3341,د.ت70.52
2,3342,-1
2,3343,د.ت41.67
2,3344,-1
2,3345,-1
2,3346,د.ت50.37
2,3347,-1
2,3348,د.ت94.02
2,3349,-1
2,3350,د.ت25.00
2,3351,د.ت15.00
2,3352,د.ت21.00
2,3354,-1
2,3355,-1
2,3356,-1
2,3357,د.ت43.65
2,3358,د.ت60.44
2,3359,-1
2,3360,-1
2,3361,-1
2,3362,-1
2,3364,-1
2,3365,-1
2,3366,-1
2,3367,-1
2,3368,-1
2,3369,د.ت40.30
2,3371,د.ت70.52
2,3372,-1
2,3373,-1
2,3374,-1
2,3375,-1
2,3377,-1
2,3378,-1
2,3379,-1
2,3380,-1
2,3381,-1
2,3382,-1
2,3383,-1
2,3384,-1
2,3385,-1
2,3386,-1
2,3387,-1
2,3388,-1
2,3389,-1
2,3390,-1
2,3391,-1
2,3392,-1
2,3393,-1
2,3395,-1
2,3396,-1
2,3397,-1
2,3398,د.ت24.90
2,3399,د.ت50.37
2,3400,د.ت43.65
2,3401,د.ت12.76
2,3402,-1
2,3403,د.ت107.46
2,3404,-1
2,3405,د.ت175.00
2,3406,د.ت99.00
2,3407,-1
2,3408,-1
2,3409,-1
2,3410,د.ت50.37
2,3411,د.ت110.81
2,3412,د.ت67.16
2,3413,-1
2,3414,-1
2,3415,د.ت95.00
2,3416,د.ت95.00
2,3417,-1
2,3418,-1
2,3419,-1
2,0,-1
2,3420,د.ت90.67
2,3421,-1
2,3422,-1
2,3423,-1
2,3424,-1
2,3425,-1
2,3426,د.ت204.84
2,3427,د.ت57.09
2,3428,د.ت151.11
2,3429,د.ت30.00
2,3430,-1
2,0,-1
2,3431,د.ت40.30
2,3433,-1
2,3434,-1
2,3436,-1
2,3437,-1
2,3439,د.ت48.50
2,3440,-1
2,3441,د.ت23.51
2,3444,د.ت43.65
2,3446,-1
2,3448,د.ت167.90
2,3449,د.ت30.22
2,3451,-1
2,3452,-1
2,3453,د.ت33.58
2,3455,-1
2,3456,د.ت13.43
2,3457,-1
2,3458,-1
2,3459,د.ت62.00
2,3460,د.ت60.00
2,3461,د.ت90.00
2,3462,د.ت65.00
2,3463,د.ت75.00
2,3464,د.ت90.00
2,3465,د.ت240.00
2,3466,د.ت43.65
2,3467,-1
2,3468,د.ت29.00
2,3469,د.ت23.51
2,3470,-1
2,3471,-1
2,3472,-1
2,3473,-1
2,3474,-1
2,3476,د.ت16.79
2,3477,-1
2,3478,-1
2,3479,د.ت40.00
2,3480,-1
2,3481,-1
2,3482,د.ت9.23
2,3483,-1
2,3484,-1
2,3486,-1
2,3487,د.ت25.90
2,3488,-1
2,3489,-1
2,3490,-1
2,3491,-1
2,3492,د.ت50.37
2,3493,د.ت43.65
2,3494,-1
2,3495,-1
2,3497,د.ت95.00
2,3498,د.ت65.00
2,3499,د.ت55.00
2,3500,د.ت85.00
2,3501,-1
2,3502,-1
2,3503,-1
2,3504,-1
2,3505,-1
2,3506,-1
2,3507,د.ت33.58
2,3508,-1
2,3509,-1
2,3510,د.ت53.73
2,3511,د.ت40.30
2,3512,د.ت13.43
2,3513,-1
2,3514,د.ت20.15
2,3516,-1
2,3517,-1
2,3519,د.ت60.44
2,3520,-1
2,3521,-1
2,3522,د.ت28.40
2,3523,-1
2,3524,-1
2,3526,-1
2,3528,-1
2,3529,-1
2,3530,-1
2,3531,-1
2,3532,-1
2,3533,-1
2,3534,د.ت24.10
2,3535,د.ت34.90
2,3536,-1
2,3537,-1
2,3538,-1
2,3539,-1
2,3540,-1
2,3541,-1
2,3542,د.ت14.70
2,3543,-1
2,3544,-1
2,3545,-1
2,3546,-1
2,3547,د.ت55.00
2,3548,-1
2,3549,-1
2,3551,-1
2,3552,د.ت63.80
2,3553,د.ت151.11
2,3554,-1
2,3557,د.ت22.00
2,3558,د.ت170.00
2,3559,-1
2,3560,د.ت26.00
2,3561,د.ت12.00
2,3562,-1
2,3563,د.ت68.00
2,3564,-1
2,3565,-1
2,3566,-1
2,3567,د.ت20.00
2,3568,-1
2,3569,-1
2,3570,د.ت165.00
2,3571,د.ت255.00
2,3572,د.ت119.00
2,3573,-1
2,3574,د.ت13.00
2,3575,-1
2,3576,-1
2,3577,د.ت265.00
2,3578,-1
2,3579,-1
2,3580,د.ت19.99
2,3581,د.ت9.99
2,3582,د.ت22.99
2,3583,د.ت10.99
2,3584,د.ت34.99
2,3585,-1
2,3586,-1
2,3587,-1
2,3588,-1
2,3589,د.ت30.00
2,3590,-1
2,3591,-1
2,3592,د.ت29.75
2,3593,د.ت97.99
2,3595,د.ت59.99
2,3596,-1
2,3597,-1
2,3598,-1
2,3599,د.ت24.90
2,3600,-1
2,3601,-1
2,3602,-1
2,3603,-1
2,3604,-1
2,3605,-1
2,3606,-1
2,3607,-1
2,3608,-1
2,3609,-1
2,3610,-1
2,3611,-1
2,3612,-1
2,3613,-1
2,3614,-1
2,3615,-1
2,3616,-1
2,3617,-1
2,3618,-1
2,3619,-1
2,3620,-1
2,3621,-1
2,3622,-1
2,3623,-1
2,3624,-1
2,3625,-1
2,3626,-1
2,3627,-1
2,3628,-1
2,3629,-1
2,3630,-1
2,3631,-1
2,3632,-1
2,3633,-1
2,3634,-1
2,3635,-1
2,3636,-1
2,3637,-1
2,3642,-1
2,3643,-1
2,3644,-1
2,3645,د.ت38.00
2,3646,-1
2,3647,-1
2,3648,-1
2,3650,-1
2,3651,-1
2,3652,-1
2,3653,-1
2,3654,-1
2,3655,-1
2,3656,-1
2,3657,-1
2,3658,-1
2,3659,-1
2,3660,-1
2,3662,-1
2,3663,-1
2,3664,-1
2,3665,-1
2,3666,-1
2,3667,-1
2,3669,-1
2,3670,-1
2,3671,-1
2,3672,-1
2,3673,-1
2,3674,-1
2,3675,-1
2,3676,-1
2,3677,-1
2,3678,-1
2,3681,-1
2,3682,-1
2,3683,-1
2,3684,-1
2,3685,-1
2,3686,-1
2,3687,-1
2,3689,-1
2,3690,-1
2,3691,-1
2,3692,-1
2,3693,-1
2,3694,-1
2,3695,-1
2,3696,-1
2,3697,-1
2,3698,-1
2,3699,-1
2,3700,-1
2,3701,-1
2,3702,-1
2,3703,-1
2,3704,-1
2,3705,-1
2,3706,-1
2,3709,-1
2,3710,-1
2,3711,-1
2,3712,-1
2,3713,-1
2,3714,-1
2,3715,-1
2,3716,-1
2,3717,-1
2,3718,د.ت25.00
2,3719,-1
2,3723,-1
2,3724,-1
2,3725,-1
2,3726,-1
2,3727,د.ت33.80
2,3728,-1
2,3729,-1
2,3730,-1
2,3731,-1
2,3732,-1
2,3733,-1
2,3734,-1
2,3735,-1
2,3736,-1
2,3737,-1
2,3738,-1
2,3739,-1
2,3740,-1
2,3741,-1
2,3742,-1
2,3743,-1
2,3745,-1
2,3746,-1
2,3747,-1
2,3748,-1
2,3749,-1
2,3750,-1
2,3751,-1
2,3752,-1
2,3753,-1
2,3754,-1
2,3755,د.ت20.00
2,3756,-1
2,3757,-1
2,3758,-1
2,3759,-1
2,3760,-1
2,3761,-1
2,3762,-1
2,3763,-1
2,3764,-1
2,3765,-1
2,0,-1
2,3766,-1
2,3767,-1
2,3768,-1
2,3769,-1
2,3770,-1
2,3771,-1
2,3772,-1
2,3773,-1
2,3774,-1
2,3775,د.ت24.50
2,3776,-1
2,3777,-1
2,3778,-1
2,3779,-1
2,3780,-1
2,3781,-1
2,3782,-1
2,3783,-1
2,3784,-1
2,3785,-1
2,3786,-1
2,3787,-1
2,3788,-1
2,0,-1
2,3789,-1
2,3790,-1
2,3791,-1
2,3792,-1
2,3793,-1
2,3794,د.ت20.00
2,3795,د.ت15.00
2,3796,د.ت15.00
2,3797,د.ت15.00
2,3798,د.ت39.90
2,3799,د.ت100.00
2,3800,-1
2,3801,-1
2,3802,-1
2,3803,-1
2,3806,-1
2,3807,-1
2,3808,د.ت10.00
2,3809,د.ت6.98
2,3810,-1
2,3811,-1
2,3813,-1
2,3814,-1
2,3815,د.ت63.80
2,3816,-1
2,3817,د.ت39.90
2,3818,د.ت39.90
2,3819,د.ت39.90
2,3820,د.ت39.90
2,3821,د.ت39.90
2,3822,-1
2,3823,-1
2,3824,-1
2,3825,-1
2,3826,-1
2,3827,-1
2,3828,د.ت120.00
2,3829,د.ت125.00
2,3830,-1
2,0,-1
2,3831,-1
2,3832,-1
2,3833,-1
2,3834,-1
2,3835,د.ت29.90
2,3837,-1
2,3838,د.ت20.00
2,3839,-1
2,3841,د.ت39.90
2,3842,د.ت33.58
2,3843,د.ت69.99
2,3844,د.ت39.00
2,3845,-1
2,3846,-1
2,3847,د.ت4.99
2,3851,د.ت19.99
2,3852,د.ت180.00
2,0,-1
2,3854,-1
2,3855,-1
2,3856,د.ت5.48
2,3857,-1
2,3858,د.ت13.43
2,3859,-1
2,3860,-1
2,3861,-1
2,3862,-1
2,3863,-1
2,3864,-1
2,3865,-1
2,3867,-1
2,4007,-1
2,3869,د.ت31.00
2,3870,د.ت30.00
2,3871,-1
2,3872,-1
2,3873,-1
2,3874,-1
2,3875,-1
2,3876,-1
2,3877,-1
2,3878,-1
2,3881,د.ت39.90
2,3882,د.ت63.80
2,3883,-1
2,3884,-1
2,3885,-1
2,3886,-1
2,3887,-1
2,3888,-1
2,3889,د.ت19.99
2,3890,-1
2,3891,-1
2,3892,د.ت280.00
2,3893,د.ت42.00
2,3894,-1
2,3895,د.ت5.00
2,3896,-1
2,3897,-1
2,3898,-1
2,3899,-1
2,3900,د.ت13.00
2,3901,-1
2,3902,د.ت39.90
2,3903,د.ت39.40
2,3904,-1
2,3905,د.ت83.95
2,3906,د.ت83.95
2,3907,-1
2,3908,-1
2,3909,-1
2,3910,-1
2,3911,-1
2,3912,-1
2,3913,-1
2,3914,-1
2,3915,-1
2,3916,-1
2,3917,-1
2,3918,-1
2,3919,-1
2,0,-1
2,3920,-1
2,3921,-1
2,3922,-1
2,3923,-1
2,3924,-1
2,3925,-1
2,3926,-1
2,3927,-1
2,3928,-1
2,3929,د.ت54.90
2,3930,د.ت17.99
2,3931,د.ت17.99
2,3932,-1
2,3933,-1
2,3934,د.ت4.99
2,3935,د.ت4.99
2,3936,د.ت5.00
2,3937,د.ت5.00
2,3938,د.ت5.00
2,3939,د.ت5.00
2,3940,د.ت44.99
2,3941,-1
2,3942,-1
2,3943,-1
2,3945,د.ت55.99
2,3946,-1
2,3947,د.ت19.50
2,3948,د.ت30.00
2,3949,-1
2,3950,د.ت24.99
2,3951,د.ت2.60
2,3952,-1
2,3953,د.ت220.00
2,3954,-1
2,3955,د.ت39.90
2,3956,د.ت39.90
2,3957,د.ت39.90
2,3958,د.ت39.90
2,3959,-1
2,3960,-1
2,3961,د.ت12.00
2,3962,د.ت53.00
2,3963,د.ت68.99
2,3964,د.ت68.99
2,3965,-1
2,3966,-1
2,3967,-1
2,3968,د.ت20.00
2,3969,-1
2,3970,-1
2,3971,-1
2,3972,-1
2,3974,-1
2,3975,-1
2,3976,-1
2,3977,-1
2,3978,-1
2,3979,-1
2,3980,-1
2,3981,-1
2,3982,-1
2,3983,-1
2,3984,-1
2,3988,د.ت70.00
2,3989,د.ت70.00
2,3990,-1
2,3991,-1
2,3992,-1
2,3993,-1
2,3994,-1
2,3995,-1
2,3997,د.ت60.00
2,3998,د.ت150.00
2,3999,د.ت150.00
2,4000,د.ت39.90
2,4001,د.ت39.90
2,4002,-1
2,4003,د.ت39.90
2,4004,-1
2,4005,د.ت39.00
2,4006,-1
2,4008,-1
2,4009,-1
2,4010,د.ت39.90
2,4011,د.ت39.90
2,4012,د.ت39.90
2,4013,د.ت39.90
2,4014,د.ت110.00
2,0,د.ت110.00
2,4015,د.ت170.00
2,4016,د.ت150.00
2,4017,د.ت110.00
2,4018,د.ت60.00
2,4020,د.ت114.17
2,4021,د.ت114.17
2,4022,-1
2,4023,-1
2,4024,د.ت94.02
2,4025,د.ت73.88
2,4026,-1
2,4027,-1
2,4028,-1
2,4029,-1
2,4030,د.ت450.00
2,4031,د.ت1.00
2,4032,د.ت160.00
2,4034,د.ت59.00
2,4035,د.ت120.00
2,4036,-1
2,4037,-1
2,4038,د.ت180.00
2,4039,د.ت120.00
2,4040,-1
2,4041,-1
2,4042,-1
2,4043,-1
2,4044,-1
2,4045,-1
2,4046,-1
2,4047,د.ت100.00
2,4048,-1
2,4049,-1
2,4050,-1
2,4051,-1
2,4052,-1
2,4053,-1
2,4054,-1
2,4055,-1
2,4056,-1
2,4057,-1
2,4058,-1
2,4059,-1
2,4060,-1
2,4061,-1
2,4062,-1
2,4063,-1
2,4064,د.ت345.87
2,4068,د.ت140.00
2,4069,-1
2,4070,-1
2,4071,-1
2,4072,-1
2,4073,-1
2,4074,د.ت130.00
2,4075,-1
2,4077,-1
2,4080,-1
2,4081,د.ت80.59
2,4082,-1
2,4083,د.ت70.52
2,4085,-1
2,4086,-1
2,4087,-1
2,4088,-1
2,4089,-1
2,4090,-1
2,4091,-1
2,4092,-1
2,4093,-1
2,0,-1
2,4095,د.ت24.99
2,4096,-1
2,4097,-1
2,4098,د.ت15.00
2,4099,-1
2,4100,-1
2,4101,-1
2,4102,-1
2,4103,-1
2,4104,-1
2,4105,-1
2,4106,د.ت35.00
2,4108,-1
2,4109,-1
2,4110,-1
2,4111,د.ت75.00
2,4112,د.ت99.00
2,4113,د.ت99.00
2,0,د.ت99.00
2,4115,د.ت75.00
2,4117,-1
2,4118,د.ت55.00
2,4119,د.ت145.00
2,4120,-1
2,4121,-1
2,4122,-1
2,4123,-1
2,4124,-1
2,4125,-1
2,4126,-1
2,4127,-1
2,4128,"د.ت1,450.00"
2,4130,د.ت38.00
2,4132,د.ت25.00
2,4133,-1
2,4134,-1
2,4135,-1
2,4136,-1
2,4137,-1
2,4138,-1
2,4139,-1
2,4140,د.ت39.99
2,4141,-1
2,0,-1
2,4143,-1
2,4144,"د.ت3,400.00"
2,4145,د.ت10.00
2,4147,-1
2,4148,-1
2,4150,د.ت150.00
2,4151,-1
2,4152,-1
2,4153,د.ت79.00
2,4154,د.ت65.00
2,4155,د.ت57.00
2,4156,-1
2,4157,د.ت25.00
2,4158,-1
2,4160,د.ت67.00
2,4161,-1
2,4162,-1
2,4163,-1
2,4164,د.ت300.00
2,4165,د.ت20.00
2,4166,د.ت97.25
2,0,-1
2,4167,-1
2,4168,د.ت10.00
2,4169,-1
2,4170,-1
2,4171,د.ت13.00
2,4172,-1
2,4173,-1
2,4175,-1
2,4176,-1
2,4177,-1
2,4178,-1
2,4179,-1
2,4180,-1
2,4181,د.ت39.99
2,4182,-1
2,4183,-1
2,4184,-1
2,4185,-1
2,4186,د.ت130.00
2,4187,د.ت280.00
2,4188,د.ت90.00
2,4189,د.ت160.00
2,4190,د.ت160.00
2,4191,"د.ت1,900.00"
2,4192,-1
2,4193,-1
2,4194,-1
2,0,-1
2,4195,-1
2,4196,-1
2,4197,-1
2,4198,-1
2,4199,-1
2,4200,-1
2,0,-1
2,4201,-1
2,4202,-1
2,4203,-1
2,4204,-1
2,4206,د.ت54.90
2,4207,د.ت140.00
2,4208,-1
2,0,-1
2,4209,-1
2,4210,-1
2,4211,د.ت16.79
2,4212,-1
2,4213,-1
2,4214,-1
2,4215,-1
2,4216,-1
2,4218,د.ت157.83
2,4219,"د.ت1,200.00"
2,4220,"د.ت1,200.00"
2,4221,-1
2,4222,-1
2,4223,د.ت80.00
2,4224,-1
2,4225,-1
2,4226,د.ت73.88
2,4227,-1
2,4228,-1
2,4229,د.ت50.37
2,4230,د.ت120.00
2,4231,-1
2,4232,-1
2,4233,-1
2,4234,-1
2,4235,-1
2,4236,-1
2,4238,-1
2,4240,د.ت782.41
2,4241,د.ت782.41
2,4242,-1
2,4243,"د.ت1,037.62"
2,4244,د.ت850.00
2,4245,د.ت550.00
2,4246,-1
2,4247,-1
2,4248,د.ت654.81
2,4249,"د.ت2,000.00"
2,4251,-1
2,4252,د.ت25.00
2,4253,-1
2,4254,-1
2,4255,-1
2,4256,-1
2,4257,-1
2,4258,-1
2,4259,-1
2,4260,-1
2,4261,-1
2,4262,-1
2,4263,د.ت47.01
2,4264,د.ت16.79
2,4265,-1
2,4266,د.ت141.04
2,4267,د.ت127.60
2,4268,د.ت30.00
2,4269,-1
2,4270,د.ت80.59
2,4271,-1
2,4272,د.ت141.04
2,4273,-1
2,4274,-1
2,4275,-1
2,4276,د.ت65.00
2,4277,-1
2,4278,-1
2,4279,-1
2,4280,-1
2,4281,د.ت43.65
2,4282,-1
2,4283,-1
2,4284,-1
2,4285,-1
2,4286,-1
2,4287,د.ت51.18
2,4288,-1
2,4289,-1
2,4290,-1
2,4291,-1
2,4292,-1
2,4293,-1
2,4294,-1
2,4295,د.ت30.00
2,4296,-1
2,4297,د.ت130.00
2,4298,د.ت110.00
2,4299,-1
2,4300,-1
2,4301,د.ت4.99
2,4302,د.ت110.00
2,4303,-1
2,4304,-1
2,4305,-1
2,4306,-1
2,4307,د.ت120.00
2,4308,د.ت120.00
2,4309,-1
2,4310,-1
2,4311,د.ت55.00
2,4312,د.ت151.11
2,4313,-1
2,4314,د.ت97.38
2,4315,-1
2,4316,-1
2,4317,-1
2,4318,د.ت57.09
2,4319,د.ت302.22
2,4320,د.ت127.97
2,4321,د.ت153.56
2,4322,د.ت204.74
2,4323,د.ت83.95
2,4324,-1
2,4325,د.ت99.99
2,4326,د.ت127.97
2,4327,-1
2,4328,-1
2,4329,-1
2,4330,-1
2,4331,-1
2,4333,د.ت94.99
2,4334,د.ت124.99
2,4335,-1
2,4336,-1
2,4337,د.ت61.99
2,4338,د.ت44.99
2,4339,د.ت49.99
2,4340,د.ت35.00
2,4342,د.ت44.99
2,4343,-1
2,4344,-1
2,4345,-1
2,4346,-1
2,4347,-1
2,4348,-1
2,4349,-1
2,4350,د.ت45.00
2,4351,-1
2,4352,د.ت279.99
2,4353,-1
2,4354,د.ت143.32
2,4355,د.ت255.95
2,4356,د.ت200.99
2,4357,د.ت54.99
2,4358,د.ت99.00
2,4359,د.ت140.00
2,4360,د.ت140.00
2,4361,د.ت140.00
2,4363,د.ت44.99
2,4364,-1
2,4365,د.ت33.00
2,4366,د.ت45.00
2,4367,د.ت33.00
2,4368,د.ت46.00
2,4370,د.ت12.00
2,4371,-1
2,4373,د.ت210.00
2,4374,د.ت175.00
2,4375,د.ت320.00
2,4376,د.ت97.25
2,4377,د.ت54.99
2,4378,د.ت51.18
2,4379,-1
2,4380,-1
2,4381,-1
2,4382,-1
2,4383,د.ت165.00
2,4384,-1
2,4385,-1
2,4386,-1
2,4387,-1
2,4388,-1
2,4389,-1
2,4390,-1
2,4391,-1
2,4392,-1
2,4393,-1
2,4394,-1
2,4395,د.ت49.90
2,4396,د.ت140.00
2,4397,د.ت140.00
2,4398,-1
2,4399,د.ت503.70
2,4400,-1
2,4401,-1
2,4402,د.ت165.00
2,4403,د.ت105.00
2,4404,-1
2,4405,د.ت35.00
2,4406,د.ت41.98
2,4407,د.ت83.95
2,4408,د.ت117.53
2,4409,د.ت117.53
2,4410,د.ت117.53
2,4411,د.ت50.00
2,4412,د.ت55.00
2,4413,-1
2,4414,د.ت59.00
2,4415,د.ت19.90
2,4416,د.ت68.00
2,4417,د.ت45.00
2,4418,-1
2,4419,د.ت199.00
2,4420,د.ت110.00
2,4421,د.ت145.00
2,4422,د.ت290.00
2,4423,د.ت85.00
2,4424,د.ت194.99
2,4425,د.ت85.00
2,4426,د.ت85.00
2,4427,د.ت85.00
2,4428,د.ت70.00
2,4429,د.ت80.70
2,4430,-1
2,4431,-1
2,4432,-1
2,4433,-1
2,4434,-1
2,4435,-1
2,4436,-1
2,4437,-1
2,4438,-1
2,4439,-1
2,4440,د.ت170.00
2,4441,-1
2,4442,-1
2,4443,-1
2,4444,-1
2,4445,-1
2,4446,-1
2,4447,-1
2,4448,-1
2,4449,-1
2,4450,د.ت180.00
2,4451,-1
2,4452,-1
2,4453,-1
2,4454,-1
2,4455,-1
2,4456,-1
2,4457,-1
2,4459,-1
2,4461,-1
2,4463,-1
2,4464,د.ت119.90
2,4465,"د.ت1,800.00"
2,4466,-1
2,4468,-1
2,4469,د.ت272.99
2,4470,د.ت148.99
2,4472,د.ت496.00
2,4474,د.ت164.99
2,4475,-1
2,4477,د.ت54.99
2,4478,د.ت186.99
2,4479,د.ت111.99
2,4481,د.ت279.99
2,4482,د.ت59.99
2,4483,د.ت249.99
2,4484,د.ت189.99
2,4485,-1
2,4487,د.ت240.00
2,4488,-1
2,4489,-1
2,4490,-1
2,4491,-1
2,4492,-1
2,4493,-1
2,4494,-1
2,4495,-1
2,4497,د.ت34.99
2,4498,د.ت85.99
2,4499,د.ت129.99
2,4500,د.ت89.99
2,4501,د.ت129.99
2,4502,د.ت149.99
2,4503,د.ت149.99
2,4504,د.ت249.99
2,4505,-1
2,4506,د.ت59.00
2,4507,د.ت37.99
2,4508,د.ت67.16
2,4509,د.ت95.00
2,4510,د.ت75.00
2,4511,د.ت125.00
2,4512,"د.ت1,100.00"
2,4513,"د.ت1,100.00"
2,4514,"د.ت1,100.00"
2,4515,"د.ت1,100.00"
2,4516,د.ت60.00
2,4517,-1
2,4518,-1
2,4519,-1
2,4520,-1
2,4521,-1
2,4522,-1
2,4523,-1
2,4524,-1
2,4525,-1
2,4526,-1
2,4527,-1
2,4528,-1
2,4529,-1
2,4531,-1
2,4532,-1
2,4533,-1
2,4534,-1
2,4535,-1
2,4536,-1
2,4539,-1
2,4541,-1
2,4542,-1
2,4543,د.ت14.99
2,4544,-1
2,4545,د.ت150.00
2,0,-1
2,4546,د.ت70.00
2,4547,-1
2,4548,-1
2,4549,-1
2,4550,د.ت109.99
2,4552,د.ت109.99
2,4553,د.ت109.99
2,4554,-1
2,4555,د.ت109.99
2,4556,د.ت109.99
2,4557,-1
2,4558,د.ت185.00
2,4559,د.ت150.00
2,4560,د.ت150.00
2,4561,-1
2,4562,-1
2,4563,-1
2,4565,د.ت109.99
2,4566,د.ت109.99
2,4567,-1
2,4568,-1
2,4569,-1
2,4570,-1
2,4571,-1
2,4572,-1
2,4573,-1
2,4574,-1
2,4576,د.ت250.00
2,4578,-1
2,4579,-1
2,4580,-1
2,4581,د.ت114.99
2,4582,د.ت139.99
2,4584,د.ت179.99
2,4585,د.ت114.99
2,4586,-1
2,4587,د.ت219.99
2,4588,د.ت34.99
2,4589,-1
2,4590,-1
2,4591,-1
2,4592,-1
2,4593,-1
2,4594,-1
2,4596,-1
2,4597,د.ت124.99
2,4598,-1
2,4599,-1
2,4600,-1
2,4601,د.ت140.00
2,4602,د.ت140.00
2,4603,د.ت140.00
2,4604,د.ت140.00
2,4605,د.ت140.00
2,4606,-1
2,4607,د.ت140.00
2,4608,-1
2,4609,د.ت109.99
2,4610,د.ت109.99
2,4611,-1
2,4612,-1
2,4613,-1
2,4614,-1
2,4615,-1
2,4616,-1
2,4617,-1
2,4620,-1
2,4621,-1
2,4622,-1
2,4623,-1
2,4624,-1
2,4625,-1
2,4626,-1
2,4627,-1
2,4628,-1
2,4629,-1
2,4630,-1
2,4631,-1
2,4632,-1
2,4633,-1
2,4634,-1
2,4635,-1
2,4636,-1
2,4637,-1
2,4641,-1
2,4642,-1
2,4643,-1
2,4644,-1
2,4645,-1
2,4646,-1
2,4647,-1
2,4649,-1
2,4650,-1
2,4651,-1
2,4652,-1
2,4653,-1
2,4654,-1
2,4655,-1
2,4656,-1
2,4657,-1
2,4658,-1
2,4659,-1
2,4660,-1
2,4661,-1
2,4662,-1
2,4663,-1
2,4664,-1
2,4665,-1
2,4666,-1
2,4667,-1
2,4668,-1
2,4669,-1
2,4670,-1
2,4671,-1
2,4672,-1
2,4673,-1
2,4674,-1
2,4675,-1
2,4676,-1
2,4677,-1
2,4679,-1
2,4682,د.ت149.90
2,4683,د.ت180.00
2,4684,د.ت724.90
2,4685,د.ت71.40
2,4686,د.ت47.60
2,4687,د.ت71.40
2,4688,د.ت149.90
2,4690,د.ت75.00
2,4691,د.ت84.90
2,4692,د.ت119.90
2,4693,د.ت129.90
2,4694,د.ت67.90
2,4695,د.ت67.90
2,4696,د.ت67.90
2,4697,د.ت999.00
2,4698,د.ت130.00
2,0,-1
2,4699,-1
2,4701,د.ت69.90
2,4702,د.ت10.00
2,4703,-1
2,4704,د.ت99.90
2,4705,د.ت49.90
2,4706,د.ت59.90
2,4707,د.ت59.90
2,4708,-1
2,4709,-1
2,4710,-1
2,4711,-1
2,4712,-1
2,4713,د.ت34.90
2,4714,-1
2,4715,-1
2,4716,-1
2,4717,-1
2,4718,-1
2,4719,-1
2,4720,-1
2,4721,-1
2,4722,-1
2,4723,د.ت6.50
2,4724,د.ت34.00
2,4725,-1
2,4726,-1
2,4727,-1
2,4728,-1
2,4729,-1
2,4730,-1
2,4731,-1
2,4732,-1
2,4733,-1
2,4734,-1
2,4735,-1
2,4736,-1
2,4737,د.ت9.00
2,4738,د.ت9.00
2,4739,د.ت9.00
2,4740,د.ت6.00
2,4741,د.ت6.00
2,4742,-1
2,4743,-1
2,4744,-1
2,4745,-1
2,4746,-1
2,4747,-1
2,4749,-1
2,4750,-1
2,4752,-1
2,0,د.ت128.00
2,4753,-1
2,4754,-1
2,4756,-1
2,4757,-1
2,4758,د.ت130.00
2,4759,"د.ت1,250.00"
2,4760,د.ت100.00
2,4761,د.ت120.00
2,4762,د.ت40.00
2,4763,د.ت32.00
2,4764,-1
2,4765,-1
2,2424,-1
2,4766,-1
2,4767,-1
2,4768,-1
2,4769,-1
2,4770,-1
2,2425,-1
2,4772,-1
2,4773,-1
2,4774,-1
2,4775,-1
2,4776,-1
2,4777,-1
2,4778,-1
2,4779,-1
2,4780,-1
2,4781,-1
2,4782,-1
2,4783,-1
2,4784,د.ت110.81
2,4785,-1
2,4786,د.ت6.00
2,4787,-1
2,4788,-1
2,4789,-1
2,4790,-1
2,4791,د.ت30.00
2,4792,د.ت52.00
2,4793,د.ت30.00
2,4794,د.ت52.00
2,4795,-1
2,4797,-1
2,4798,د.ت60.00
2,4799,-1
2,4800,-1
2,4801,-1
2,0,د.ت60.00
2,4802,-1
2,4803,-1
2,4805,د.ت17.90
2,4806,د.ت23.51
2,4807,د.ت23.00
2,4808,-1
2,4809,د.ت53.73
2,0,د.ت53.73
2,4810,-1
2,4811,د.ت13.00
2,4812,-1
2,4813,-1
2,4814,د.ت29.00
2,4815,د.ت22.00
2,4816,-1
2,4817,-1
2,4818,-1
2,4819,-1
2,4820,د.ت60.44
2,4821,د.ت40.30
2,4822,-1
2,4823,-1
2,4824,-1
2,4825,-1
2,4827,-1
2,4828,د.ت127.60
2,0,د.ت127.60
2,4831,-1
2,4832,د.ت20.00
2,4833,-1
2,0,-1
2,4835,-1
2,4836,د.ت43.65
2,4837,د.ت43.65
2,4838,د.ت87.31
2,4839,-1
2,4840,-1
2,4841,-1
2,4842,د.ت30.22
2,4843,د.ت12.00
2,4844,-1
2,4845,-1
2,4847,-1
2,4849,د.ت12.00
2,4850,-1
2,4854,-1
2,4856,-1
2,4857,د.ت5.10
2,4858,د.ت28.00
2,4859,-1
2,4860,-1
2,4861,-1
2,4862,-1
2,4863,-1
2,4864,-1
2,4865,د.ت15.00
2,4866,د.ت11.75
2,4867,-1
2,4868,-1
2,4869,-1
2,4870,-1
2,4871,-1
2,4872,-1
2,4873,د.ت12.29
2,4874,د.ت16.89
2,4875,-1
2,4876,د.ت6.00
2,4877,-1
2,4878,-1
2,4879,د.ت14.50
2,4880,-1
2,4881,-1
2,4882,د.ت16.79
2,4883,د.ت20.15
2,4884,د.ت16.79
2,4885,-1
2,4887,"د.ت6,380.20"
2,4888,"د.ت3,358.00"
2,4889,-1
2,4890,د.ت83.95
2,4891,-1
2,4892,د.ت16.79
2,4893,-1
2,4894,-1
2,4895,-1
2,4896,-1
2,4897,د.ت83.65
2,4898,د.ت83.51
2,4899,د.ت46.98
2,4900,د.ت73.88
2,4901,-1
2,4903,د.ت40.30
2,4904,د.ت33.58
2,4905,د.ت33.58
2,4907,د.ت10.07
2,4908,د.ت24.00
2,4909,-1
2,4910,-1
2,4912,-1
2,4913,د.ت28.00
2,4914,د.ت28.00
2,4915,د.ت32.00
2,4916,د.ت43.00
2,4917,د.ت6.00
2,4918,د.ت15.00
2,4919,د.ت15.00
2,4920,-1
2,4921,-1
2,4922,د.ت15.00
2,4923,د.ت12.25
2,4924,د.ت12.00
2,4925,د.ت12.00
2,4926,-1
2,4927,-1
2,4928,-1
2,4929,-1
2,4930,د.ت25.00
2,4931,د.ت27.00
2,4932,د.ت20.00
2,4933,د.ت43.00
2,4934,د.ت12.00
2,4935,-1
2,4936,-1
2,4937,-1
2,4938,-1
2,4939,-1
2,4940,-1
2,4941,-1
2,4942,د.ت8.00
2,4943,د.ت20.00
2,4944,-1
2,4946,د.ت52.00
2,4947,د.ت13.43
2,4950,د.ت55.00
2,4951,د.ت11.75
2,4952,-1
2,4954,-1
2,4955,د.ت6.15
2,4956,-1
2,4957,-1
2,4958,د.ت13.43
2,4959,د.ت25.00
2,4960,د.ت32.00
2,4962,-1
2,4963,-1
2,4964,-1
2,4965,-1
2,4966,د.ت8.40
2,4967,-1
2,4968,-1
2,4969,-1
2,4970,-1
2,4971,-1
2,4972,-1
2,4973,-1
2,4974,د.ت35.00
2,4975,-1
2,4976,-1
2,4977,-1
2,4978,-1
2,4979,-1
2,4980,-1
2,4981,د.ت30.99
2,4982,د.ت30.99
2,4983,د.ت37.99
2,4984,د.ت61.99
2,4985,-1
2,4986,-1
2,4987,-1
2,4988,-1
2,4989,د.ت31.89
2,4992,-1
2,4993,-1
2,4994,-1
2,4995,-1
2,4996,-1
2,4997,-1
2,4998,-1
2,4999,-1
2,5000,-1
2,5001,-1
2,5002,-1
2,5003,د.ت45.15
2,5004,-1
2,5005,-1
2,5006,د.ت24.50
2,5007,د.ت23.55
2,5008,-1
2,5010,-1
2,5011,-1
2,5013,-1
2,5014,-1
2,5015,-1
2,5016,-1
2,5017,د.ت10.00
2,5018,-1
2,5019,د.ت9.99
2,5020,-1
2,5021,-1
2,5022,-1
2,5023,-1
2,5024,-1
2,5025,د.ت14.00
2,5026,د.ت4.00
2,5027,-1
2,5028,-1
2,5029,-1
2,5030,-1
2,5031,-1
2,5032,-1
2,5033,-1
2,5034,-1
2,5035,-1
2,5036,-1
2,5037,-1
2,5038,د.ت24.00
2,5039,د.ت14.00
2,0,-1
2,5040,-1
2,5041,-1
2,5042,-1
2,5043,-1
2,5044,-1
2,5045,-1
2,5046,-1
2,5047,-1
2,5048,-1
2,5049,-1
2,5050,-1
2,5051,-1
2,5052,د.ت18.90
2,5053,-1
2,5054,-1
2,5056,-1
2,5057,-1
2,5058,-1
2,5059,-1
2,5060,-1
2,5061,-1
2,5062,-1
2,5063,-1
2,5064,-1
2,5065,-1
2,5066,-1
2,5067,-1
2,5068,-1
2,5069,-1
2,5070,-1
2,5071,-1
2,5072,-1
2,5073,-1
2,5074,-1
2,5075,د.ت15.00
2,5076,د.ت15.00
2,5077,-1
2,5078,-1
2,5079,-1
2,5080,-1
2,5081,-1
2,5082,-1
2,5083,-1
2,5085,-1
2,5086,د.ت6.00
2,5087,-1
2,5088,-1
2,5089,-1
2,5090,-1
2,5091,-1
2,5092,-1
2,5093,-1
2,5095,-1
2,5096,-1
2,5097,د.ت16.00
2,5098,-1
2,5099,-1
2,5100,د.ت30.00
2,5101,-1
2,5102,-1
2,5103,-1
