supplierFK,productFK,documentFK,dateFK,quantity,price,remise,total_ht,tva,timbre
66,6307,1326,20250221,1.0,205.607,0,205.607,7.0,0
94,6307,1327,20250123,0,0,0,1250,19.0,1.0
95,6310,1328,20250728,9.0,70,50.18,630.0,19.0,1.0
95,6311,1328,20250728,1.0,50,0.0,50.0,19.0,1.0
95,6312,1328,20250728,1.0,0,0.0,0.0,1.0,1.0
96,6313,1329,20250205,1.0,18.64,20.0,18.64,19.0,1.0
96,6314,1329,20250205,6.0,2.95,20.0,17.7,19.0,1.0
96,6315,1329,20250205,6.0,2.93,20.0,17.58,19.0,1.0
96,6316,1329,20250205,1.0,31.5,20.0,31.5,7.0,1.0
96,6317,1329,20250205,2.0,7.0,20.0,14.0,19.0,1.0
96,6318,1329,20250205,1.0,26.65,20.0,26.65,7.0,1.0
96,6319,1329,20250205,1.0,17.32,20.0,17.32,7.0,1.0
96,6320,1329,20250205,1.0,7.49,20.0,7.49,7.0,1.0
96,6321,1329,20250205,6.0,5.94,20.0,35.64,19.0,1.0
96,6322,1329,20250205,6.0,6.86,20.0,41.16,19.0,1.0
96,6323,1329,20250205,6.0,6.86,20.0,41.16,19.0,1.0
97,6307,1330,20250102,1.0,1000.0,0,1000.0,7.0,1.0
30,6325,1331,20250718,200.0,0.9,0,180.0,0,1.0
30,6331,1331,20250718,200.0,0.35,0,70.0,0,1.0
30,6327,1332,20250327,30.0,3.6,0,108.0,19.0,1.0
30,6325,1333,20250910,200.0,0.9,0,180.0,0,1.0
30,6331,1333,20250910,200.0,0.35,0,70.0,0,1.0
30,6329,1334,20250228,1000.0,0.68,0,680.0,19.0,1.0
30,6330,1334,20250228,1.0,320.0,0,320.0,19.0,1.0
30,6331,1334,20250228,900.0,0.7,0,630.0,19.0,1.0
30,6332,1335,20250313,865.0,0.98,0,847.7,19.0,1.0
30,6331,1335,20250313,865.0,0.35,0,302.75,19.0,1.0
29,6307,1336,20241108,500.0,2.5,0,1250.0,0,0
0,6307,1337,20250128,1.0,12.605,0.0,12.605,19.0,0.0
0,6307,1337,20250128,1.0,21.429,0.0,21.429,19.0,0.0
0,6307,1337,20250128,1.0,1.261,0.0,1.261,19.0,0.0
98,6307,1338,20250205,15.0,16.82,0.0,252.29999,7.0,0
98,6307,1338,20250205,15.0,12.14,0.0,182.1,7.0,0
98,6307,1338,20250205,20.0,70.09,0.0,1401.7999,7.0,0
99,6307,1339,20250201,0,0,0,75.63,19.0,12.6
99,6307,1340,20250301,0,0,0,25.21,19.0,4.2
99,6307,1341,20240601,0,0,0,64.286,19.0,10.71
99,6307,1342,20240701,0,0,0,64.286,19.0,10.71
99,6307,1343,20240801,0,0,0,64.286,19.0,10.71
99,6307,1344,20240901,0,0,0,64.286,19.0,10.71
99,6307,1345,20241001,0,0,0,64.286,19.0,10.71
99,6307,1346,20241101,0,0,0,64.286,19.0,10.71
15,6307,1347,20250402,850.0,22,0,18700.0,0,1.0
15,6307,1348,20250923,3.0,30,0,90.0,0,1.0
15,6307,1348,20250923,1.0,28,0,28.0,0,1.0
15,6307,1348,20250923,6.0,10,0,60.0,0,1.0
15,6307,1348,20250923,24.0,9,0,216.0,0,1.0
15,6307,1349,20251111,2.0,30,0,60.0,0,1.0
15,6307,1349,20251111,3.0,30,0,90.0,0,1.0
15,6307,1350,20250212,5.0,30,0,150.0,0,1.0
15,6307,1350,20250212,6.0,12,0,72.0,0,1.0
15,6307,1350,20250212,6.0,17,0,102.0,0,1.0
15,6307,1350,20250212,6.0,17,0,102.0,0,1.0
15,6307,1351,20251111,3.0,30,0,90.0,0,1.0
15,6307,1351,20251111,33.0,9,0,297.0,0,1.0
15,6307,1352,20250923,3.0,30,0,90.0,0,1.0
15,6307,1352,20250923,3.0,28,0,84.0,0,1.0
15,6307,1352,20250923,30.0,10,0,300.0,0,1.0
15,6307,1352,20250923,30.0,9,0,270.0,0,1.0
15,6307,1352,20250923,6.0,12,0,72.0,0,1.0
15,6307,1353,20250226,900.0,"14,5",0,13050.0,0,1.0
15,6307,1354,20250829,5.0,30,0,150.0,0,1.0
15,6307,1354,20250829,5.0,30,0,150.0,0,1.0
15,6307,1354,20250829,5.0,28,0,140.0,0,1.0
15,6307,1354,20250829,30.0,10,0,300.0,0,1.0
15,6307,1354,20250829,30.0,9,0,270.0,0,1.0
15,6307,1354,20250829,6.0,14,0,84.0,0,1.0
15,6307,1354,20250829,30.0,9,0,270.0,0,1.0
15,6307,1354,20250829,12.0,17,0,204.0,0,1.0
15,6307,1355,20250818,1.0,"32,71",0,32.71,0,1.0
15,6307,1355,20250818,2.0,"30,841",0,61.682,0,1.0
15,6307,1355,20250818,1.0,24,0,24.0,0,1.0
15,6307,1355,20250818,3.0,30,0,90.0,0,1.0
15,6307,1355,20250818,1.0,28,0,28.0,0,1.0
15,6307,1355,20250818,18.0,10,0,180.0,0,1.0
15,6307,1355,20250818,6.0,9,0,54.0,0,1.0
15,6307,1355,20250818,3.0,45,0,135.0,0,1.0
15,6307,1355,20250818,6.0,6,0,36.0,0,1.0
15,6307,1355,20250818,6.0,"8,5",0,51.0,0,1.0
15,6307,1356,20250114,5.0,30,0,150.0,0,1.0
15,6307,1356,20250114,5.0,30,0,150.0,0,1.0
15,6307,1356,20250114,5.0,28,0,140.0,0,1.0
15,6307,1356,20250114,30.0,9,0,270.0,0,1.0
15,6307,1356,20250114,6.0,12,0,72.0,0,1.0
15,6307,1356,20250114,6.0,17,0,102.0,0,1.0
15,6307,1356,20250114,30.0,10,0,300.0,0,1.0
15,6307,1356,20250114,6.0,17,0,102.0,0,1.0
15,6307,1357,20241222,5.0,30,0,150.0,0,1.0
15,6307,1357,20241222,5.0,28,0,140.0,0,1.0
15,6307,1357,20241222,60.0,9,0,540.0,0,1.0
100,6307,1358,20250908,1.0,418.8,0,418.8,19.0,1.0
100,6307,1358,20250908,1.0,0.0,0,0.0,19.0,0.0
0,6364,1359,20250203,1.0,88.536,0,88.536,19.0,0
0,6364,1359,20250203,1.0,49.98,0,49.98,19.0,0
0,6364,1359,20250203,1.0,57.12,0,57.12,19.0,0
88,6369,1360,20251208,100.0,23.5,15.0,2350.0,19.0,1.0
88,6370,1360,20251208,100.0,23.5,15.0,2350.0,19.0,1.0
88,6367,1361,20251208,450.0,3.2,0.0,1440.0,19.0,1.0
88,6371,1361,20251208,100.0,23.5,15.0,2350.0,19.0,1.0
88,6369,1362,20251209,50.0,23.5,15.0,1175.0,19.0,1.0
88,6370,1362,20251209,50.0,23.5,15.0,1175.0,19.0,1.0
88,6371,1362,20251209,50.0,23.5,15.0,1175.0,19.0,1.0
77,6372,1363,20250327,6.0,4.5,0,27.0,19.0,1.0
77,6373,1363,20250327,1.0,28.089,0,28.089,19.0,1.0
101,6374,1364,20250718,3.0,3.836,0,11.507999,7.0,1.0
102,6375,1365,20280106,20.0,10.084,0,201.68,19.0,1.0
102,6376,1365,20280106,30.0,2.101,0,63.030003,19.0,1.0
102,6377,1365,20280106,3.0,37.815,0,113.44499,19.0,1.0
102,6378,1365,20280106,5.0,1.681,0,8.405,19.0,1.0
103,6307,0,20250814,1.0,40.0,0,40.0,0,0
103,6307,0,20250815,2.0,3.0,0,6.0,0,0
104,6307,1367,20250424,0,0,0,"",0,0
104,6307,1367,20250427,0,0,0,"",0,0
104,6307,1367,20241127,0,0,0,"",0,0
104,6307,1367,20241214,0,0,0,"",0,0
104,6307,1367,20241206,0,0,0,"",0,0
104,6307,1367,20241207,0,0,0,"",0,0
104,6307,1367,20241224,0,0,0,"",0,0
105,6382,1368,20250127,2.0,18.5,0,37.0,7.0,1.0
71,6307,1369,20250210,4.0,0,0,0.0,7.0,1.0
71,6307,1369,20250210,3.0,0,0,0.0,7.0,1.0
71,6307,1370,20250227,1.0,0,0,0.0,7.0,1.0
71,6307,1370,20250227,1.0,0,0,0.0,7.0,1.0
0,6307,1371,20250203,12.0,30,0,360.0,7.0,1.0
0,6307,1371,20250203,15.0,24,0,360.0,7.0,1.0
106,6307,1372,20241230,50,0,0,0.0,7,1
106,6307,1372,20241230,45,0,0,0.0,7,1
107,6307,1373,20251129,6,40,0,240.0,0,0
107,6307,1373,20251129,6,45,0,270.0,0,0
107,6307,1373,20251129,5,35,0,175.0,0,0
107,6307,1373,20251129,11,27,0,297.0,0,0
107,6307,1373,20251129,3,33,0,99.0,0,0
107,6307,1373,20251129,5,10,0,50.0,0,0
107,6307,1373,20251129,2,11,0,22.0,0,0
107,6307,1374,-1,5,45,0,225.0,0,0
107,6307,1374,-1,7,12,0,84.0,0,0
107,6307,1374,-1,3,50,0,150.0,0,0
107,6307,1374,-1,5,37,0,185.0,0,0
107,6307,1374,-1,5,50,0,250.0,0,0
108,6307,1375,20250219,58,50,0,2900.0,7,1
57,6307,1376,20250122,1,2350,0,2350.0,0,0
109,6307,1377,20250420,850,"20,46",0,17391.0,7,0
109,6307,1376,20250325,900,"14,95",0,13455.0,7,0
0,6307,1378,20241205,435,17,0,7395.0,0,0
0,6307,1378,20241205,435,20,0,8700.0,0,0
8,6307,1429,20241209,435,0,0,0.0,0,1
110,6307,1379,20250813,5,65,0,325.0,0,0
110,6307,1379,20250813,5,55,0,275.0,0,0
110,6307,1379,20250813,16,5,0,80.0,0,0
110,6307,1379,20250813,10,10,0,100.0,0,0
111,6307,1380,20250917,6,13,0,78.0,0,0
111,6307,1380,20250917,6,10,0,60.0,0,0
112,6307,1381,20250821,100,841,0,84100.0,19,1
113,6307,1382,-1,0,0,0,"","290,704",0
114,6307,1383,-1,0,0,0,"",0,0
114,6307,1383,-1,0,0,0,"",0,0
115,6307,1384,20250921,33,8,0,264.0,7,0
115,6307,1384,20250921,4,6,0,24.0,7,0
115,6307,1384,20250921,6,6,0,36.0,7,0
115,6307,1384,20250921,4,12,0,48.0,7,0
115,6307,1384,20250921,8,7,0,56.0,7,0
115,6307,1385,20250819,18,8,0,144.0,7,0
115,6307,1385,20250819,42,3,0,126.0,7,0
115,6307,1385,20250819,3,7,0,21.0,7,0
115,6307,1385,20250819,6,7.5,0,45.0,7,0
115,6307,1385,20250819,5,12,0,60.0,7,0
115,6307,1386,20250804,34,8,0,272.0,7,0
115,6307,1387,20240124,75,8,0,600.0,7,0
115,6307,1387,20240124,10,9,0,90.0,7,0
115,6307,1387,20240124,20,7,0,140.0,7,0
115,6307,1387,20240124,25,7.5,0,187.5,7,0
115,6307,1387,20240124,25,7,0,175.0,7,0
115,6307,1387,20240124,15,45,0,675.0,7,0
116,6307,1388,20250218,8,10,0,80.0,0,0
116,6307,1388,20250218,1,12,0,12.0,0,0
63,6307,1389,20250217,12.0,5.000,0,60.0,1.000,2085.360
63,6307,1389,20250217,12.0,8.500,0,102.0,1.000,2085.360
63,6307,1389,20250217,12.0,8.000,0,96.0,1.000,2085.360
63,6307,1389,20250217,12.0,4.500,0,54.0,1.000,2085.360
63,6307,1389,20250217,2.0,19.500,0,39.0,1.000,2085.360
63,6307,1389,20250217,2.0,16.000,0,32.0,1.000,2085.360
63,6307,1389,20250217,2.0,26.000,0,52.0,1.000,2085.360
63,6307,1389,20250217,2.0,26.000,0,52.0,1.000,2085.360
63,6307,1389,20250217,12.0,5.000,0,60.0,1.000,2085.360
63,6307,1389,20250217,12.0,8.500,0,102.0,1.000,2085.360
63,6307,1389,20250217,12.0,8.000,0,96.0,1.000,2085.360
63,6307,1389,20250217,12.0,4.500,0,54.0,1.000,2085.360
63,6307,1389,20250217,2.0,19.500,0,39.0,1.000,2085.360
63,6307,1389,20250217,2.0,16.000,0,32.0,1.000,2085.360
63,6307,1389,20250217,2.0,26.000,0,52.0,1.000,2085.360
63,6307,1389,20250217,2.0,26.000,0,52.0,1.000,2085.360
63,6307,1389,20250217,24.0,5.000,0,120.0,1.000,2085.360
63,6307,1389,20250217,24.0,8.500,0,204.0,1.000,2085.360
63,6307,1389,20250217,24.0,8.000,0,192.0,1.000,2085.360
63,6307,1389,20250217,24.0,4.500,0,108.0,1.000,2085.360
63,6307,1389,20250217,4.0,19.500,0,78.0,1.000,2085.360
63,6307,1389,20250217,4.0,16.000,0,64.0,1.000,2085.360
63,6307,1389,20250217,4.0,26.000,0,104.0,1.000,2085.360
63,6307,1389,20250217,4.0,26.000,0,104.0,1.000,2085.360
27,6307,1390,20250224,1000,0.05,0,50.0,19.0,1.0
27,6307,1391,20250310,2000,0.05,0,100.0,19.0,1.0
27,6307,1392,20241121,500,1.25,0,625.0,19.0,1.0
25,7435,1393,20250212,1.2,80.000,0,96.0,7.0,1.000
117,6307,1394,20260905,1,0,0,0.0,7.0,1.00
117,6307,1394,20260905,1,0,0,0.0,7.0,1.00
117,6307,1394,20260905,1,0,0,0.0,7.0,1.00
117,6307,1395,20270305,2,0,0,0.0,7.0,1.00
117,6307,1395,20270305,1,0,0,0.0,7.0,1.00
117,6307,1395,20270305,1,0,0,0.0,7.0,1.00
117,6307,1395,20270305,1,0,0,0.0,7.0,1.00
117,6307,1395,20270305,1,0,0,0.0,7.0,1.00
117,6307,1396,20251006,1,0,0,0.0,7.0,1.00
117,6307,1397,20260506,1,0,0,0.0,7.0,1.00
117,6307,1397,20260506,1,0,0,0.0,7.0,1.00
117,6307,1398,20261206,1,0,0,0.0,7.0,1.00
117,6307,1399,20250907,1,0,0,0.0,7.0,1.00
117,6307,1399,20250907,1,0,0,0.0,7.0,1.00
117,6307,1400,20260307,1,0,0,0.0,7.0,1.00
117,6307,1400,20260307,1,0,0,0.0,7.0,1.00
117,6307,1401,20270707,1,0,0,0.0,7.0,1.00
117,6307,1401,20270707,1,0,0,0.0,7.0,1.00
117,6307,1401,20270707,1,0,0,0.0,7.0,1.00
117,6307,1402,20270208,1,0,0,0.0,7.0,1.00
117,6307,1402,20270208,1,0,0,0.0,7.0,1.00
117,6307,1402,20270208,1,0,0,0.0,7.0,1.00
117,6307,1402,20270208,1,0,0,0.0,7.0,1.00
117,6307,1403,20270708,1,0,0,0.0,7.0,1.00
117,6307,1403,20270708,1,0,0,0.0,7.0,1.00
117,6307,1403,20270708,1,0,0,0.0,7.0,1.00
117,6307,1403,20270708,1,0,0,0.0,7.0,1.00
117,6307,1404,20251009,1,0,0,0.0,7.0,1.00
117,6307,1404,20251009,1,0,0,0.0,7.0,1.00
117,6307,1404,20251009,1,0,0,0.0,7.0,1.00
117,6307,1405,20260310,1,0,0,0.0,7.0,1.00
117,6307,1405,20260310,1,0,0,0.0,7.0,1.00
117,6307,1406,20270710,1,0,0,0.0,7.0,1.00
117,6307,1407,20251111,1,0,0,0.0,7.0,1.00
117,6307,1407,20251111,1,0,0,0.0,7.0,1.00
117,6307,1408,20260412,1,0,0,0.0,7.0,1.00
84,6307,1409,20250811,50,6.5,0,325.0,19.0,1
84,6307,1410,20251106,50,6.5,0,325.0,19.0,1
118,6441,1411,20250718,1,3.668,0,3.668,19.0,1.000
118,6442,1411,20250718,3,8.145,0,24.435001,19.0,1.000
119,6307,1412,20250228,"144,157","2,0461",0,294.95963,19.0,1
119,6307,1413,20250331,"93,465","2,0461",0,191.23872,19.0,1
119,6307,1414,20250531,"66,535","2,046",0,136.13062,19.0,1
119,6307,1415,20250430,"91,089","2,046",0,186.36809,19.0,1
67,6307,1416,20250221,20,16.64,0,332.8,19.0,1
67,6307,1417,20250205,10,16.807,0,168.06999,19.0,1
67,6307,1417,20250205,10,42.017,0,420.16998,19.0,1
67,6307,1417,20250205,10,54.622,0,546.22003,19.0,1
67,6307,1417,20250205,5,18.487,0,92.435,19.0,1
67,6307,1417,20250205,5,26.891,0,134.455,19.0,1
67,6307,1417,20250205,5,25.211,0,126.055,19.0,1
67,6307,1417,20250205,5,29.412,0,147.06,19.0,1
20,6307,1418,20250211,4,3.5,0,14.0,2.66,1
20,6307,1419,20250227,1000,0.13,0,130.0,24.7,1
120,6307,1420,20250131,20,12,0,240.0,0,1
120,6307,1420,20250131,10,27,0,270.0,0,1
120,6307,1421,20250213,10,12,0,120.0,0,1
120,6307,1421,20250213,5,27,0,135.0,0,1
120,6307,1422,20250506,20,12,0,240.0,0,1
120,6307,1422,20251127,3,12,0,36.0,0,0
120,6307,1422,20251127,5,8,0,40.0,0,0
120,6307,1422,20251127,3,8,0,24.0,0,0
120,6307,1422,20250815,5,8,0,40.0,0,0
120,6307,1422,20250815,5,4,0,20.0,0,0
120,6307,1423,20250422,15,27,0,405.0,0,1
120,6307,1422,20250814,4,45,0,180.0,0,0
120,6307,1422,20250814,63,15,0,945.0,0,0
120,6307,1422,20250826,5,9,0,45.0,0,0
120,6307,1422,20250826,5,9,0,45.0,0,0
120,6307,1422,20250826,5,9,0,45.0,0,0
120,6307,1422,20250826,5,12,0,60.0,0,0
120,6307,1422,20250826,5,12,0,60.0,0,0
120,6307,1422,20250826,5,9,0,45.0,0,0
120,6307,1422,20250826,5,12,0,60.0,0,0
120,6307,1422,20250826,15,15,0,225.0,0,0
120,6307,1424,20251027,10,0,0,0.0,0,0
120,6307,1424,20251027,5,0,0,0.0,0,0
120,6307,1424,20251027,3,0,0,0.0,0,0
120,6307,1424,20251027,2,0,0,0.0,0,0
0,6476,1425,20251118,1500,0.450,0,675.0,19%,1.000
0,6477,1425,20251118,1500,0.450,0,675.0,19%,1.000
0,6478,1426,20241121,1,18.900,0,18.9,19%,1.000
0,6479,1426,20241121,1,11.800,0,11.8,19%,1.000
0,6480,1426,20241121,1,17.800,0,17.8,19%,1.000
0,6481,1426,20241121,1,16.900,0,16.9,19%,1.000
0,6478,1427,20241114,500,18.000,0,9000.0,19%,1.000
0,6478,1428,20241223,10,18.900,0,189.0,19%,1.000
9,6307,0,20230406,0,0,0,"500,5",0,0
9,6307,0,20230610,0,0,0,"812,4",0,0
9,6307,0,20230712,0,0,0,"799,385",0,0
9,6307,0,20230803,0,0,0,"666,112",0,0
9,6307,0,20230924,0,0,0,616,0,0
9,6307,0,20231011,0,0,0,"663,444",0,0
10,6307,0,20231121,0,0,0,"1081,75",0,0
9,6307,0,20231121,0,0,0,"462,216",0,0
11,6307,0,20231206,0,0,0,"934,58",0,0
12,6307,1429,20231206,0,0,0,"420,551",0,0
13,6307,0,20231215,0,0,0,762,0,0
14,6307,0,20231218,0,0,0,"1690,2",0,0
15,6307,0,20231221,0,0,0,1900,0,0
16,6307,0,20231221,0,0,0,1425,0,0
10,6307,0,20231221,0,0,0,3640,0,0
17,6307,0,20231225,0,0,0,1800,0,0
9,6307,0,20231228,0,0,0,"504,462",0,0
18,6307,0,20240124,0,0,0,950,0,0
12,6307,1429,20240116,0,0,0,"3932,2499",0,0
11,6307,0,20240116,0,0,0,"8411,21495",0,0
19,6307,0,20240711,0,0,0,1797,0,0
20,6307,0,20240717,0,0,0,"375,2",0,0
21,6307,0,20240715,0,0,0,"210,25",0,0
22,6307,0,20240720,0,0,0,"1500,476",0,0
23,6307,0,20240101,0,0,0,"64,286",0,0
23,6307,0,20240201,0,0,0,"64,286",0,0
23,6307,0,20240301,0,0,0,"64,286",0,0
23,6307,0,20240401,0,0,0,"64,286",0,0
23,6307,0,20240501,0,0,0,"64,286",0,0
23,6307,0,20240601,0,0,0,"64,286",0,0
23,6307,0,20240701,0,0,0,"64,286",0,0
23,6307,0,20240801,0,0,0,"64,286",0,0
24,6307,0,20240728,0,0,0,365,0,0
25,6307,0,20240619,0,0,0,"1116,9",0,0
26,6307,0,20240527,0,0,0,600,0,0
16,6307,0,20240301,0,0,0,"21028,03",0,0
23,6307,0,20240901,0,0,0,"64,286",0,0
23,6307,0,20241001,0,0,0,"64,286",0,0
27,6307,1392,20241121,0,0,0,625,0,0
28,6307,1426,20241121,0,0,0,"65,4",0,0
29,6307,0,20241108,0,0,0,1250,0,0
28,6307,1427,20241114,0,0,0,9000,0,0
30,6307,0,20241209,0,0,0,"207,5",0,0
30,6307,0,20241205,0,0,0,1335,0,0
31,6307,0,20241205,0,0,0,16095,0,0
32,6307,0,20250106,0,0,0,1800,0,0
33,6307,0,20241206,0,0,0,440,0,0
34,6307,0,20241206,0,0,0,230,0,0
35,6307,0,20241225,0,0,0,420,0,0
36,6307,0,20241231,0,0,0,550,0,0
37,6307,0,20240301,0,0,0,250,0,0
4,6307,0,20240308,0,0,0,900,0,0
82,6307,0,20241225,0,0,0,818,0,0
15,6307,0,20250106,0,0,0,830,0,0
36,6307,0,20241222,0,0,0,90,0,0
20,6307,0,20241231,0,0,0,90,0,0
15,6307,0,20241115,0,0,0,125,0,0
39,6307,0,20241101,0,0,0,140,0,0
39,6307,0,20241001,0,0,0,75,0,0
40,6307,0,20241101,0,0,0,30,0,0
41,6307,0,20241001,0,0,0,200,0,0
42,6307,0,20241231,0,0,0,200,0,0
43,6307,0,20241231,0,0,0,250,0,0
44,6307,0,20241231,0,0,0,20,0,0
7,6307,0,20241202,0,0,0,500,0,0
46,6307,0,20241231,0,0,0,300,0,0
14,6307,0,20241231,0,0,0,2626,0,0
47,6307,0,20240326,0,0,0,350,0,0
31,6307,0,20240501,0,0,0,500,0,0
27,6307,0,20240401,0,0,0,"656,6",0,0
17,6307,0,20240501,0,0,0,330,0,0
27,6307,0,20240701,0,0,0,480,0,0
48,6307,0,20240610,0,0,0,380,0,0
49,6307,0,20240301,0,0,0,120,0,0
50,6307,0,20240201,0,0,0,140,0,0
51,6307,0,20240301,0,0,0,70,0,0
52,6307,0,20240325,0,0,0,75,0,0
53,6307,0,20240301,0,0,0,75,0,0
28,6307,0,20240401,0,0,0,189,0,0
54,6307,0,20241223,0,0,0,100,0,0
55,6307,1420,-1,0,0,0,510,0,0
40,6307,0,20240315,0,0,0,894,0,0
56,6307,1330,20250102,0,0,0,1000,0,0
57,6307,1376,20250121,0,0,0,2350,0,0
58,6307,0,20250128,0,0,0,"35,294",0,0
59,6307,1327,20250123,0,0,0,1250,0,0
60,6307,0,20250106,0,0,0,"386,56",0,0
82,6307,0,20250124,0,0,0,"2860,5",0,0
62,6307,1368,20250127,0,0,0,37,0,0
63,6307,1389,20250217,0,0,0,1948,0,0
64,6307,1390,20250224,0,0,0,50,0,0
65,6307,1375,20250219,0,0,0,2900,0,0
66,6307,0,20250221,0,0,0,"205,607",0,0
67,6307,1416,20250221,0,0,0,"332,8",0,0
68,6307,1418,20250211,0,0,0,14,0,0
68,6307,1419,20250227,0,0,0,130,0,0
69,6307,0,20250205,0,0,0,"1836,2",0,0
15,6307,1353,20250226,0,0,0,13050,0,0
70,6307,1359,20250203,0,0,0,"164,4",0,0
74,6307,1412,20250228,0,0,0,"305,883",0,0
67,6307,1417,20250205,0,0,0,"1634,465",0,0
71,6307,0,20250210,0,0,0,52,0,0
15,6307,1350,20250212,0,0,0,426,0,0
25,6307,0,20250212,0,0,0,96,0,0
55,6307,1421,20250213,0,0,0,255,0,0
72,6307,0,20250218,0,0,0,92,0,0
73,6307,1334,20250228,0,0,0,"1 630,000",0,0
73,6307,1335,20250313,0,0,0,"1 150,450",0,0
64,6307,1391,20250310,0,0,0,100,0,0
12,6307,1376,20250325,0,0,0,13458,0,0
73,6307,1332,20250327,0,0,0,108,0,0
23,6307,1339,20250201,0,0,0,"75,63",0,0
23,6307,1340,20250301,0,0,0,"25,21",0,0
74,6307,1413,20250331,0,0,0,"198,32",0,0
75,6307,0,20250201,0,0,0,"50,848",0,0
75,6307,0,20250301,0,0,0,"38,792",0,0
76,6307,1371,20250203,0,0,0,720,0,0
77,6307,1363,20250327,0,0,0,"49,58",0,0
12,6307,1377,20250420,0,0,0,17391,0,0
15,6307,0,20250402,0,0,0,18700,0,0
55,6307,1423,20250422,0,0,0,405,0,0
74,6307,1415,20250430,0,0,0,"193,277",0,0
78,6307,0,20250523,0,0,0,111.87,0,0
55,6307,1429,20250506,0,0,0,240,0,0
74,6307,1414,20250531,0,0,0,"141,177",0,0
79,6307,0,20250718,0,0,0,"29,649",0,0
80,6307,1364,20250718,0,0,0,"9,782",0,0
24,6307,1328,0,0,0,0,"313,87",0,0
55,6307,0,20250814,0,0,0,1125,0,0
15,6307,1355,20250818,0,0,0,692,0,0
21,6307,1381,20250821,0,0,0,"84,1",0,0
81,6307,0,20250814,0,0,0,46,0,0
82,6307,1386,20250804,0,0,0,248,0,0
82,6307,1429,20250819,0,0,0,"306,01",0,0
83,6307,1429,20250603,0,0,0,780,0,0
15,6307,1354,20250828,0,0,0,1568,0,0
84,6307,1409,20250811,0,0,0,325,0,0
55,6307,1429,20250815,0,0,0,60,0,0
55,6307,1429,20250826,0,0,0,565,0,0
73,6307,1333,20250910,0,0,0,250,0,0
73,6307,1331,20250718,0,0,0,250,0,0
82,6307,1429,20250922,0,0,0,428,0,0
83,6307,1429,20250917,0,0,0,138,0,0
15,6307,1348,20250923,0,0,0,394,0,0
15,6307,1352,20250923,0,0,0,816,0,0
75,6307,0,20250501,0,0,0,"40,593",0,0
75,6307,0,20250601,0,0,0,"40,593",0,0
75,6307,0,20250401,0,0,0,"40,593",0,0
75,6307,0,20250701,0,0,0,"40,593",0,0
75,6307,0,20250801,0,0,0,"40,593",0,0
75,6307,0,20250901,0,0,0,"40,593",0,0
75,6307,0,20251001,0,0,0,"40,593",0,0
55,6307,0,20251027,0,0,0,190,0,0
55,6307,0,20251127,0,0,0,100,0,0
15,6307,0,20251111,0,0,0,387,0,0
15,6307,0,20251111,0,0,0,150,0,0
40,6307,1373,20251129,0,0,0,1153,0,0
40,6307,1429,20250901,0,0,0,2000,0,0
86,6307,1394,20250521,0,0,0,"19,5",0,0
86,6307,1396,20250610,0,0,0,17,0,0
86,6307,1397,20250617,0,0,0,33,0,0
86,6307,1398,20250624,0,0,0,"16,5",0,0
86,6307,1399,20250709,0,0,0,33,0,0
86,6307,1400,20250715,0,0,0,33,0,0
86,6307,1401,20250731,0,0,0,33,0,0
86,6307,1404,20250910,0,0,0,"49,5",0,0
86,6307,1405,20251015,0,0,0,33,0,0
86,6307,1406,20251031,0,0,0,"16,5",0,0
86,6307,1407,20251111,0,0,0,33,0,0
86,6307,1408,20251216,0,0,0,17,0,0
84,6307,1429,20251106,0,0,0,325,0,0
28,6307,1425,20251118,0,0,0,1351,0,0
87,6307,1429,20250908,0,0,0,"418,8",0,0
83,6307,0,20251210,0,0,0,440,0,0
88,6307,1360,20251208,0,0,0,3995,0,0
88,6307,1361,20251208,0,0,0,"3437,5",0,0
88,6307,0,20251203,0,0,0,74,0,0
88,6307,1362,20251209,0,0,0,"2996,25",0,0
15,6307,0,20251215,0,0,0,1100,0,0
89,6307,0,20251215,0,0,0,1080,0,0
12,6307,0,20251215,0,0,0,525,0,0
12,6307,0,20251211,0,0,0,523,0,0
75,6307,0,20251201,0,0,0,"40,593",0,0
4,6307,0,20250901,0,0,0,2100,0,0
7,6307,0,20250901,0,0,0,1548,0,0
1,7214,0,-1,0,30,0,30,0,0
1,7215,0,-1,0,30,0,30,0,0
2,7216,0,-1,0,80,0,80,0,0
2,7217,0,-1,0,40,0,40,0,0
2,7218,0,-1,0,34,0,34,0,0
2,7219,0,-1,0,45,0,45,0,0
2,7220,0,-1,0,34,0,34,0,0
2,7221,0,-1,0,40,0,40,0,0
2,7222,0,-1,0,125,0,125,0,0
2,6704,0,-1,0,90,0,90,0,0
2,6698,0,-1,0,"16,5",0,"16,5",0,0
2,6699,0,-1,0,85,0,85,0,0
2,6692,0,-1,0,115,0,115,0,0
2,6700,0,-1,0,65,0,65,0,0
2,6647,0,-1,0,30,0,30,0,0
3,7320,0,-1,0,18,0,18,0,0
3,7374,0,-1,0,17,0,17,0,0
3,6711,0,-1,0,15,0,15,0,0
3,6681,0,-1,0,20,0,20,0,0
3,7223,0,-1,0,20,0,20,0,0
3,7224,0,-1,0,20,0,20,0,0
3,7225,0,-1,0,20,0,20,0,0
3,6684,0,-1,0,20,0,20,0,0
3,7226,0,-1,0,20,0,20,0,0
3,7227,0,-1,0,17,0,17,0,0
3,6615,0,-1,0,25,0,25,0,0
3,7228,0,-1,0,15,0,15,0,0
3,6678,0,-1,0,15,0,15,0,0
3,7229,0,-1,0,15,0,15,0,0
3,7322,0,-1,0,15,0,15,0,0
3,7375,0,-1,0,15,0,15,0,0
3,7232,0,-1,0,90,0,90,0,0
4,7233,0,-1,0,30,0,30,0,0
4,7234,0,-1,0,40,0,40,0,0
4,7235,0,-1,0,60,0,60,0,0
3,7272,0,-1,0,0,0,"",0,0
6,7237,0,-1,0,60,0,60,0,0
6,7238,0,-1,0,60,0,60,0,0
6,7239,0,-1,0,60,0,60,0,0
6,7377,0,-1,0,100,0,100,0,0
7,7241,0,-1,0,48,0,48,0,0
7,7242,0,-1,0,48,0,48,0,0
7,7243,0,-1,0,58,0,58,0,0
7,7244,0,-1,0,28,0,28,0,0
1,7245,0,-1,0,7,0,7,0,0
