"FactAchatPK","dateFK","documentFK","productFK","supplierFK","quantity","price","remise","total_ht","tva","timbre","total_ttc","startDate","endDate","flag"
1,20250221,1326,6308,66,"1.0","205.607","0","205.607","7.0","0","220.0","2026-03-24 13:30:36.329",NULL,"y"
2,20250123,1327,6309,95,"0","0","0","1250","19.0","1.0","1488.5","2026-03-24 13:30:36.334",NULL,"y"
3,20250728,1328,6310,96,"9.0","70","50.18","630.0","19.0","1.0","434.008","2026-03-24 13:30:36.334",NULL,"y"
4,20250728,1328,6311,96,"1.0","50","0.0","50.0","19.0","1.0","434.008","2026-03-24 13:30:36.334",NULL,"y"
5,20250728,1328,6312,96,"1.0","0","0.0","0.0","1.0","1.0","434.008","2026-03-24 13:30:36.334",NULL,"y"
6,20250205,1329,6313,97,"1.0","18.64","20.0","18.64","19.0","1.0","251.451","2026-03-24 13:30:36.334",NULL,"y"
7,20250205,1329,6314,97,"6.0","2.95","20.0","17.7","19.0","1.0","251.451","2026-03-24 13:30:36.334",NULL,"y"
8,20250205,1329,6315,97,"6.0","2.93","20.0","17.58","19.0","1.0","251.451","2026-03-24 13:30:36.334",NULL,"y"
9,20250205,1329,6316,97,"1.0","31.5","20.0","31.5","7.0","1.0","251.451","2026-03-24 13:30:36.334",NULL,"y"
10,20250205,1329,6317,97,"2.0","7.0","20.0","14.0","19.0","1.0","251.451","2026-03-24 13:30:36.334",NULL,"y"
11,20250205,1329,6318,97,"1.0","26.65","20.0","26.65","7.0","1.0","251.451","2026-03-24 13:30:36.336",NULL,"y"
12,20250205,1329,6319,97,"1.0","17.32","20.0","17.32","7.0","1.0","251.451","2026-03-24 13:30:36.336",NULL,"y"
13,20250205,1329,6320,97,"1.0","7.49","20.0","7.49","7.0","1.0","251.451","2026-03-24 13:30:36.336",NULL,"y"
14,20250205,1329,6321,97,"6.0","5.94","20.0","35.64","19.0","1.0","251.451","2026-03-24 13:30:36.336",NULL,"y"
15,20250205,1329,6322,97,"6.0","6.86","20.0","41.16","19.0","1.0","251.451","2026-03-24 13:30:36.336",NULL,"y"
16,20250205,1329,6323,97,"6.0","6.86","20.0","41.16","19.0","1.0","251.451","2026-03-24 13:30:36.336",NULL,"y"
17,20250102,1330,6324,98,"1.0","1000.0","0","1000.0","7.0","1.0","1071.0","2026-03-24 13:30:36.336",NULL,"y"
18,20250718,1331,6325,30,"200.0","0.9","0","180.0","0","1.0","298.5","2026-03-24 13:30:36.336",NULL,"y"
19,20250718,1331,6326,30,"200.0","0.35","0","70.0","0","1.0","298.5","2026-03-24 13:30:36.336",NULL,"y"
20,20250327,1332,6327,30,"30.0","3.6","0","108.0","19.0","1.0","129.52","2026-03-24 13:30:36.336",NULL,"y"
21,20250910,1333,6325,30,"200.0","0.9","0","180.0","0","1.0","298.5","2026-03-24 13:30:36.336",NULL,"y"
22,20250910,1333,6328,30,"200.0","0.35","0","70.0","0","1.0","298.5","2026-03-24 13:30:36.336",NULL,"y"
23,20250228,1334,6329,30,"1000.0","0.68","0","680.0","19.0","1.0","1940.7","2026-03-24 13:30:36.338",NULL,"y"
24,20250228,1334,6330,30,"1.0","320.0","0","320.0","19.0","1.0","1940.7","2026-03-24 13:30:36.338",NULL,"y"
25,20250228,1334,6331,30,"900.0","0.7","0","630.0","19.0","1.0","1940.7","2026-03-24 13:30:36.338",NULL,"y"
26,20250313,1335,6332,30,"865.0","0.98","0","847.7","19.0","1.0","1370.036","2026-03-24 13:30:36.338",NULL,"y"
27,20250313,1335,6331,30,"865.0","0.35","0","302.75","19.0","1.0","1370.036","2026-03-24 13:30:36.338",NULL,"y"
28,20241108,1336,6333,29,"500.0","2.5","0","1250.0","0","0","1250.0","2026-03-24 13:30:36.338",NULL,"y"
29,20250205,1338,6337,99,"15.0","16.82","0.0","252.29999","7.0","0","1965.734","2026-03-24 13:30:36.338",NULL,"y"
30,20250205,1338,6338,99,"15.0","12.14","0.0","182.1","7.0","0","1965.734","2026-03-24 13:30:36.338",NULL,"y"
31,20250205,1338,6339,99,"20.0","70.09","0.0","1401.7999","7.0","0","1965.734","2026-03-24 13:30:36.338",NULL,"y"
32,20250201,1339,6340,100,"0","0","0","75.63","19.0","12.6","102.6","2026-03-24 13:30:36.338",NULL,"y"
33,20250301,1340,6340,100,"0","0","0","25.21","19.0","4.2","34.2","2026-03-24 13:30:36.338",NULL,"y"
34,20240601,1341,6340,100,"0","0","0","64.286","19.0","10.71","87.21","2026-03-24 13:30:36.338",NULL,"y"
35,20240701,1342,6340,100,"0","0","0","64.286","19.0","10.71","87.21","2026-03-24 13:30:36.338",NULL,"y"
36,20240801,1343,6340,100,"0","0","0","64.286","19.0","10.71","87.21","2026-03-24 13:30:36.338",NULL,"y"
37,20240901,1344,6340,100,"0","0","0","64.286","19.0","10.71","87.21","2026-03-24 13:30:36.338",NULL,"y"
38,20241001,1345,6340,100,"0","0","0","64.286","19.0","10.71","87.21","2026-03-24 13:30:36.338",NULL,"y"
39,20241101,1346,6340,100,"0","0","0","64.286","19.0","10.71","87.21","2026-03-24 13:30:36.338",NULL,"y"
40,20250402,1347,6341,15,"850.0","22","0","18700.0","0","1.0","20010","2026-03-24 13:30:36.338",NULL,"y"
41,20250923,1348,6342,15,"3.0","30","0","90.0","0","1.0","422,58","2026-03-24 13:30:36.338",NULL,"y"
42,20250923,1348,6343,15,"1.0","28","0","28.0","0","1.0","422,58","2026-03-24 13:30:36.342",NULL,"y"
43,20250923,1348,6344,15,"6.0","10","0","60.0","0","1.0","422,58","2026-03-24 13:30:36.342",NULL,"y"
44,20250923,1348,6345,15,"24.0","9","0","216.0","0","1.0","422,58","2026-03-24 13:30:36.342",NULL,"y"
45,20251111,1349,6346,15,"2.0","30","0","60.0","0","1.0","161,5","2026-03-24 13:30:36.343",NULL,"y"
46,20251111,1349,6342,15,"3.0","30","0","90.0","0","1.0","161,5","2026-03-24 13:30:36.343",NULL,"y"
47,20250212,1350,6347,15,"5.0","30","0","150.0","0","1.0","456,82","2026-03-24 13:30:36.343",NULL,"y"
48,20250212,1350,6348,15,"6.0","12","0","72.0","0","1.0","456,82","2026-03-24 13:30:36.343",NULL,"y"
49,20250212,1350,6349,15,"6.0","17","0","102.0","0","1.0","456,82","2026-03-24 13:30:36.343",NULL,"y"
50,20250212,1350,6350,15,"6.0","17","0","102.0","0","1.0","456,82","2026-03-24 13:30:36.343",NULL,"y"
51,20251111,1351,6342,15,"3.0","30","0","90.0","0","1.0","408,349","2026-03-24 13:30:36.343",NULL,"y"
52,20251111,1351,6345,15,"33.0","9","0","297.0","0","1.0","408,349","2026-03-24 13:30:36.343",NULL,"y"
53,20250923,1352,6342,15,"3.0","30","0","90.0","0","1.0","874,12","2026-03-24 13:30:36.343",NULL,"y"
54,20250923,1352,6343,15,"3.0","28","0","84.0","0","1.0","874,12","2026-03-24 13:30:36.343",NULL,"y"
55,20250923,1352,6344,15,"30.0","10","0","300.0","0","1.0","874,12","2026-03-24 13:30:36.343",NULL,"y"
56,20250923,1352,6345,15,"30.0","9","0","270.0","0","1.0","874,12","2026-03-24 13:30:36.343",NULL,"y"
57,20250923,1352,6348,15,"6.0","12","0","72.0","0","1.0","874,12","2026-03-24 13:30:36.343",NULL,"y"
58,20250226,1353,6351,15,"900.0","14,5","0","13050.0","0","1.0","13964,5","2026-03-24 13:30:36.343",NULL,"y"
59,20250829,1354,6346,15,"5.0","30","0","150.0","0","1.0","1678,76","2026-03-24 13:30:36.343",NULL,"y"
60,20250829,1354,6342,15,"5.0","30","0","150.0","0","1.0","1678,76","2026-03-24 13:30:36.343",NULL,"y"
61,20250829,1354,6343,15,"5.0","28","0","140.0","0","1.0","1678,76","2026-03-24 13:30:36.343",NULL,"y"
62,20250829,1354,6344,15,"30.0","10","0","300.0","0","1.0","1678,76","2026-03-24 13:30:36.343",NULL,"y"
63,20250829,1354,6345,15,"30.0","9","0","270.0","0","1.0","1678,76","2026-03-24 13:30:36.343",NULL,"y"
64,20250829,1354,6348,15,"6.0","14","0","84.0","0","1.0","1678,76","2026-03-24 13:30:36.343",NULL,"y"
65,20250829,1354,6352,15,"30.0","9","0","270.0","0","1.0","1678,76","2026-03-24 13:30:36.343",NULL,"y"
66,20250829,1354,6349,15,"12.0","17","0","204.0","0","1.0","1678,76","2026-03-24 13:30:36.343",NULL,"y"
67,20250818,1355,6353,15,"1.0","32,71","0","32.71","0","1.0","741,86","2026-03-24 13:30:36.343",NULL,"y"
68,20250818,1355,6354,15,"2.0","30,841","0","61.682","0","1.0","741,86","2026-03-24 13:30:36.343",NULL,"y"
69,20250818,1355,6346,15,"1.0","24","0","24.0","0","1.0","741,86","2026-03-24 13:30:36.343",NULL,"y"
70,20250818,1355,6342,15,"3.0","30","0","90.0","0","1.0","741,86","2026-03-24 13:30:36.343",NULL,"y"
71,20250818,1355,6343,15,"1.0","28","0","28.0","0","1.0","741,86","2026-03-24 13:30:36.343",NULL,"y"
72,20250818,1355,6344,15,"18.0","10","0","180.0","0","1.0","741,86","2026-03-24 13:30:36.343",NULL,"y"
73,20250818,1355,6345,15,"6.0","9","0","54.0","0","1.0","741,86","2026-03-24 13:30:36.343",NULL,"y"
74,20250818,1355,6355,15,"3.0","45","0","135.0","0","1.0","741,86","2026-03-24 13:30:36.343",NULL,"y"
75,20250818,1355,6356,15,"6.0","6","0","36.0","0","1.0","741,86","2026-03-24 13:30:36.343",NULL,"y"
76,20250818,1355,6357,15,"6.0","8,5","0","51.0","0","1.0","741,86","2026-03-24 13:30:36.343",NULL,"y"
77,20250114,1356,6346,15,"5.0","30","0","150.0","0","1.0","1377,02","2026-03-24 13:30:36.343",NULL,"y"
78,20250114,1356,6342,15,"5.0","30","0","150.0","0","1.0","1377,02","2026-03-24 13:30:36.343",NULL,"y"
79,20250114,1356,6343,15,"5.0","28","0","140.0","0","1.0","1377,02","2026-03-24 13:30:36.343",NULL,"y"
80,20250114,1356,6345,15,"30.0","9","0","270.0","0","1.0","1377,02","2026-03-24 13:30:36.343",NULL,"y"
81,20250114,1356,6348,15,"6.0","12","0","72.0","0","1.0","1377,02","2026-03-24 13:30:36.343",NULL,"y"
82,20250114,1356,6358,15,"6.0","17","0","102.0","0","1.0","1377,02","2026-03-24 13:30:36.343",NULL,"y"
83,20250114,1356,6359,15,"30.0","10","0","300.0","0","1.0","1377,02","2026-03-24 13:30:36.343",NULL,"y"
84,20250114,1356,6350,15,"6.0","17","0","102.0","0","1.0","1377,02","2026-03-24 13:30:36.343",NULL,"y"
85,20241222,1357,6342,15,"5.0","30","0","150.0","0","1.0","889,1","2026-03-24 13:30:36.343",NULL,"y"
86,20241222,1357,6343,15,"5.0","28","0","140.0","0","1.0","889,1","2026-03-24 13:30:36.343",NULL,"y"
87,20241222,1357,6345,15,"60.0","9","0","540.0","0","1.0","889,1","2026-03-24 13:30:36.343",NULL,"y"
88,20250908,1358,6360,101,"1.0","418.8","0","418.8","19.0","1.0","499.37","2026-03-24 13:30:36.35",NULL,"y"
89,20250908,1358,6361,101,"1.0","0.0","0","0.0","19.0","0.0","0.0","2026-03-24 13:30:36.35",NULL,"y"
90,20251208,1360,6365,88,"100.0","23.5","15.0","2350.0","19.0","1.0","4755.05","2026-03-24 13:30:36.35",NULL,"y"
91,20251208,1360,6366,88,"100.0","23.5","15.0","2350.0","19.0","1.0","4755.05","2026-03-24 13:30:36.35",NULL,"y"
92,20251208,1361,6367,88,"450.0","3.2","0.0","1440.0","19.0","1.0","4091.625","2026-03-24 13:30:36.35",NULL,"y"
93,20251208,1361,6368,88,"100.0","23.5","15.0","2350.0","19.0","1.0","4091.625","2026-03-24 13:30:36.35",NULL,"y"
94,20251209,1362,6369,88,"50.0","23.5","15.0","1175.0","19.0","1.0","3566.538","2026-03-24 13:30:36.35",NULL,"y"
95,20251209,1362,6370,88,"50.0","23.5","15.0","1175.0","19.0","1.0","3566.538","2026-03-24 13:30:36.35",NULL,"y"
96,20251209,1362,6371,88,"50.0","23.5","15.0","1175.0","19.0","1.0","3566.538","2026-03-24 13:30:36.35",NULL,"y"
97,20250327,1363,6372,77,"6.0","4.5","0","27.0","19.0","1.0","60.0","2026-03-24 13:30:36.35",NULL,"y"
98,20250327,1363,6373,77,"1.0","28.089","0","28.089","19.0","1.0","60.0","2026-03-24 13:30:36.35",NULL,"y"
99,20250718,1364,6374,102,"3.0","3.836","0","11.507999","7.0","1.0","11.467","2026-03-24 13:30:36.35",NULL,"y"
100,20280106,1365,6375,103,"20.0","10.084","0","201.68","19.0","1.0","461.006","2026-03-24 13:30:36.35",NULL,"y"
101,20280106,1365,6376,103,"30.0","2.101","0","63.030003","19.0","1.0","461.006","2026-03-24 13:30:36.35",NULL,"y"
102,20280106,1365,6377,103,"3.0","37.815","0","113.44499","19.0","1.0","461.006","2026-03-24 13:30:36.35",NULL,"y"
103,20280106,1365,6378,103,"5.0","1.681","0","8.405","19.0","1.0","461.006","2026-03-24 13:30:36.35",NULL,"y"
104,20250814,1418,6379,104,"1.0","40.0","0","40.0","0","0","46.0","2026-03-24 13:30:36.35",NULL,"y"
105,20250815,1418,6380,104,"2.0","3.0","0","6.0","0","0","46.0","2026-03-24 13:30:36.35",NULL,"y"
106,20250424,1418,6381,105,"0","0","0","","0","0","162.5","2026-03-24 13:30:36.35",NULL,"y"
107,20250427,1418,6381,105,"0","0","0","","0","0","110.0","2026-03-24 13:30:36.35",NULL,"y"
108,20241127,1418,6381,105,"0","0","0","","0","0","183.5","2026-03-24 13:30:36.35",NULL,"y"
109,20241214,1418,6381,105,"0","0","0","","0","0","375.0","2026-03-24 13:30:36.35",NULL,"y"
110,20241206,1418,6381,105,"0","0","0","","0","0","165.0","2026-03-24 13:30:36.35",NULL,"y"
111,20241207,1418,6381,105,"0","0","0","","0","0","315.0","2026-03-24 13:30:36.35",NULL,"y"
112,20241224,1418,6381,105,"0","0","0","","0","0","295.5","2026-03-24 13:30:36.35",NULL,"y"
113,20250127,1366,6382,106,"2.0","18.5","0","37.0","7.0","1.0","40.59","2026-03-24 13:30:36.35",NULL,"y"
114,20250210,1367,6383,71,"4.0","0","0","0.0","7.0","1.0","29.96","2026-03-24 13:30:36.35",NULL,"y"
115,20250210,1367,6383,71,"3.0","0","0","0.0","7.0","1.0","25.68","2026-03-24 13:30:36.35",NULL,"y"
116,20250227,1368,6383,71,"1.0","0","0","0.0","7.0","1.0","6.42","2026-03-24 13:30:36.35",NULL,"y"
117,20250227,1368,6383,71,"1.0","0","0","0.0","7.0","1.0","7.49","2026-03-24 13:30:36.35",NULL,"y"
118,20241230,1418,6386,107,"50","0","0","0.0","7","1","","2026-03-24 13:30:36.35",NULL,"y"
119,20241230,1418,6386,107,"45","0","0","0.0","7","1","","2026-03-24 13:30:36.35",NULL,"y"
120,20251129,1370,6387,108,"6","40","0","240.0","0","0","","2026-03-24 13:30:36.35",NULL,"y"
121,20251129,1370,6388,108,"6","45","0","270.0","0","0","","2026-03-24 13:30:36.35",NULL,"y"
122,20251129,1370,6389,108,"5","35","0","175.0","0","0","","2026-03-24 13:30:36.35",NULL,"y"
123,20251129,1370,6390,108,"11","27","0","297.0","0","0","","2026-03-24 13:30:36.35",NULL,"y"
124,20251129,1370,6392,108,"5","10","0","50.0","0","0","","2026-03-24 13:30:36.35",NULL,"y"
125,20251129,1370,6393,108,"2","11","0","22.0","0","0","","2026-03-24 13:30:36.35",NULL,"y"
126,-1,1418,6394,108,"5","45","0","225.0","0","0","","2026-03-24 13:30:36.35",NULL,"y"
127,-1,1418,6395,108,"7","12","0","84.0","0","0","","2026-03-24 13:30:36.35",NULL,"y"
128,-1,1418,6396,108,"3","50","0","150.0","0","0","","2026-03-24 13:30:36.35",NULL,"y"
129,-1,1418,6387,108,"5","37","0","185.0","0","0","","2026-03-24 13:30:36.35",NULL,"y"
130,-1,1418,6397,108,"5","50","0","250.0","0","0","","2026-03-24 13:30:36.35",NULL,"y"
131,20250122,1372,6399,57,"1","2350","0","2350.0","0","0","","2026-03-24 13:30:36.35",NULL,"y"
132,20250420,1373,6400,94,"850","20,46","0","17391.0","7","0","18700","2026-03-24 13:30:36.35",NULL,"y"
133,20250325,1372,6400,94,"900","14,95","0","13455.0","7","0","14400","2026-03-24 13:30:36.35",NULL,"y"
134,20241209,1418,6307,8,"435","0","0","0.0","0","1","","2026-03-24 13:30:36.35",NULL,"y"
135,20250813,1418,6403,110,"5","65","0","325.0","0","0","","2026-03-24 13:30:36.35",NULL,"y"
136,20250813,1418,6404,110,"5","55","0","275.0","0","0","","2026-03-24 13:30:36.35",NULL,"y"
137,20250813,1418,6405,110,"16","5","0","80.0","0","0","","2026-03-24 13:30:36.35",NULL,"y"
138,20250813,1418,6406,110,"10","10","0","100.0","0","0","","2026-03-24 13:30:36.35",NULL,"y"
139,20250917,1418,6407,111,"6","13","0","78.0","0","0","","2026-03-24 13:30:36.35",NULL,"y"
140,20250917,1418,6408,111,"6","10","0","60.0","0","0","","2026-03-24 13:30:36.35",NULL,"y"
141,20250821,1374,6409,112,"100","841","0","84100.0","19","1","","2026-03-24 13:30:36.35",NULL,"y"
142,-1,1418,6410,113,"0","0","0","","290,704","0","1484","2026-03-24 13:30:36.35",NULL,"y"
143,-1,1418,6411,114,"0","0","0","","0","0","91,9","2026-03-24 13:30:36.36",NULL,"y"
144,-1,1418,6411,114,"0","0","0","","0","0","95,5","2026-03-24 13:30:36.36",NULL,"y"
145,20250921,1375,6412,115,"33","8","0","264.0","7","0","","2026-03-24 13:30:36.36",NULL,"y"
146,20250921,1375,6413,115,"4","6","0","24.0","7","0","","2026-03-24 13:30:36.36",NULL,"y"
147,20250921,1375,6414,115,"6","6","0","36.0","7","0","","2026-03-24 13:30:36.36",NULL,"y"
148,20250921,1375,6415,115,"4","12","0","48.0","7","0","","2026-03-24 13:30:36.36",NULL,"y"
149,20250921,1375,6416,115,"8","7","0","56.0","7","0","","2026-03-24 13:30:36.36",NULL,"y"
150,20250819,1376,6413,115,"18","8","0","144.0","7","0","","2026-03-24 13:30:36.36",NULL,"y"
151,20250819,1376,6417,115,"42","3","0","126.0","7","0","","2026-03-24 13:30:36.36",NULL,"y"
152,20250819,1376,6418,115,"3","7","0","21.0","7","0","","2026-03-24 13:30:36.36",NULL,"y"
153,20250819,1376,6419,115,"6","7.5","0","45.0","7","0","","2026-03-24 13:30:36.36",NULL,"y"
154,20250804,1377,6413,115,"34","8","0","272.0","7","0","","2026-03-24 13:30:36.36",NULL,"y"
155,20240124,1378,6413,115,"75","8","0","600.0","7","0","","2026-03-24 13:30:36.36",NULL,"y"
156,20240124,1378,6421,115,"10","9","0","90.0","7","0","","2026-03-24 13:30:36.36",NULL,"y"
157,20240124,1378,6422,115,"20","7","0","140.0","7","0","","2026-03-24 13:30:36.36",NULL,"y"
158,20240124,1378,6423,115,"25","7.5","0","187.5","7","0","","2026-03-24 13:30:36.36",NULL,"y"
159,20240124,1378,6418,115,"25","7","0","175.0","7","0","","2026-03-24 13:30:36.36",NULL,"y"
160,20240124,1378,6424,115,"15","45","0","675.0","7","0","","2026-03-24 13:30:36.36",NULL,"y"
161,20250218,1418,6425,116,"8","10","0","80.0","0","0","","2026-03-24 13:30:36.36",NULL,"y"
162,20250218,1418,6426,116,"1","12","0","12.0","0","0","","2026-03-24 13:30:36.36",NULL,"y"
163,20250217,1379,6427,63,"12.0","5.000","0","60.0","1.000","2085.360","","2026-03-24 13:30:36.36",NULL,"y"
164,20250217,1379,6428,63,"12.0","8.500","0","102.0","1.000","2085.360","","2026-03-24 13:30:36.36",NULL,"y"
165,20250217,1379,6429,63,"12.0","8.000","0","96.0","1.000","2085.360","","2026-03-24 13:30:36.36",NULL,"y"
166,20250217,1379,6430,63,"12.0","4.500","0","54.0","1.000","2085.360","","2026-03-24 13:30:36.36",NULL,"y"
167,20250217,1379,6431,63,"2.0","19.500","0","39.0","1.000","2085.360","","2026-03-24 13:30:36.36",NULL,"y"
168,20250217,1379,6432,63,"2.0","16.000","0","32.0","1.000","2085.360","","2026-03-24 13:30:36.36",NULL,"y"
169,20250217,1379,6433,63,"2.0","26.000","0","52.0","1.000","2085.360","","2026-03-24 13:30:36.36",NULL,"y"
170,20250217,1379,6434,63,"2.0","26.000","0","52.0","1.000","2085.360","","2026-03-24 13:30:36.36",NULL,"y"
171,20250217,1379,6427,63,"12.0","5.000","0","60.0","1.000","2085.360","","2026-03-24 13:30:36.36",NULL,"y"
172,20250217,1379,6428,63,"12.0","8.500","0","102.0","1.000","2085.360","","2026-03-24 13:30:36.36",NULL,"y"
173,20250217,1379,6429,63,"12.0","8.000","0","96.0","1.000","2085.360","","2026-03-24 13:30:36.36",NULL,"y"
174,20250217,1379,6430,63,"12.0","4.500","0","54.0","1.000","2085.360","","2026-03-24 13:30:36.36",NULL,"y"
175,20250217,1379,6431,63,"2.0","19.500","0","39.0","1.000","2085.360","","2026-03-24 13:30:36.36",NULL,"y"
176,20250217,1379,6432,63,"2.0","16.000","0","32.0","1.000","2085.360","","2026-03-24 13:30:36.36",NULL,"y"
177,20250217,1379,6435,63,"2.0","26.000","0","52.0","1.000","2085.360","","2026-03-24 13:30:36.36",NULL,"y"
178,20250217,1379,6434,63,"2.0","26.000","0","52.0","1.000","2085.360","","2026-03-24 13:30:36.36",NULL,"y"
179,20250217,1379,6427,63,"24.0","5.000","0","120.0","1.000","2085.360","","2026-03-24 13:30:36.36",NULL,"y"
180,20250217,1379,6428,63,"24.0","8.500","0","204.0","1.000","2085.360","","2026-03-24 13:30:36.36",NULL,"y"
181,20250217,1379,6429,63,"24.0","8.000","0","192.0","1.000","2085.360","","2026-03-24 13:30:36.36",NULL,"y"
182,20250217,1379,6430,63,"24.0","4.500","0","108.0","1.000","2085.360","","2026-03-24 13:30:36.36",NULL,"y"
183,20250217,1379,6431,63,"4.0","19.500","0","78.0","1.000","2085.360","","2026-03-24 13:30:36.36",NULL,"y"
184,20250217,1379,6432,63,"4.0","16.000","0","64.0","1.000","2085.360","","2026-03-24 13:30:36.36",NULL,"y"
185,20250217,1379,6433,63,"4.0","26.000","0","104.0","1.000","2085.360","","2026-03-24 13:30:36.366",NULL,"y"
186,20250217,1379,6434,63,"4.0","26.000","0","104.0","1.000","2085.360","","2026-03-24 13:30:36.366",NULL,"y"
187,20250224,1380,6436,27,"1000","0.05","0","50.0","19.0","1.0","61.095","2026-03-24 13:30:36.366",NULL,"y"
188,20250310,1381,6436,27,"2000","0.05","0","100.0","19.0","1.0","121.19","2026-03-24 13:30:36.366",NULL,"y"
189,20241121,1382,6437,27,"500","1.25","0","625.0","19.0","1.0","752.188","2026-03-24 13:30:36.366",NULL,"y"
190,20250212,1383,6438,25,"1.2","80.000","0","96.0","7.0","1.000","104.747","2026-03-24 13:30:36.366",NULL,"y"
191,20260905,1384,6439,117,"1","0","0","0.0","7.0","1.00","21.870","2026-03-24 13:30:36.366",NULL,"y"
192,20260905,1384,6439,117,"1","0","0","0.0","7.0","1.00","21.870","2026-03-24 13:30:36.366",NULL,"y"
193,20260905,1384,6439,117,"1","0","0","0.0","7.0","1.00","21.870","2026-03-24 13:30:36.366",NULL,"y"
194,20270305,1385,6439,117,"2","0","0","0.0","7.0","1.00","35.780","2026-03-24 13:30:36.366",NULL,"y"
195,20270305,1385,6439,117,"1","0","0","0.0","7.0","1.00","35.780","2026-03-24 13:30:36.366",NULL,"y"
196,20270305,1385,6439,117,"1","0","0","0.0","7.0","1.00","35.780","2026-03-24 13:30:36.366",NULL,"y"
197,20270305,1385,6439,117,"1","0","0","0.0","7.0","1.00","35.780","2026-03-24 13:30:36.366",NULL,"y"
198,20270305,1385,6439,117,"1","0","0","0.0","7.0","1.00","35.780","2026-03-24 13:30:36.366",NULL,"y"
199,20251006,1386,6439,117,"1","0","0","0.0","7.0","1.00","8.490","2026-03-24 13:30:36.366",NULL,"y"
200,20260506,1387,6439,117,"1","0","0","0.0","7.0","1.00","14.910","2026-03-24 13:30:36.366",NULL,"y"
201,20260506,1387,6439,117,"1","0","0","0.0","7.0","1.00","14.910","2026-03-24 13:30:36.366",NULL,"y"
202,20261206,1388,6439,117,"1","0","0","0.0","7.0","1.00","7.960","2026-03-24 13:30:36.366",NULL,"y"
203,20250907,1389,6439,117,"1","0","0","0.0","7.0","1.00","14.910","2026-03-24 13:30:36.366",NULL,"y"
204,20250907,1389,6439,117,"1","0","0","0.0","7.0","1.00","14.910","2026-03-24 13:30:36.366",NULL,"y"
205,20260307,1390,6439,117,"1","0","0","0.0","7.0","1.00","14.910","2026-03-24 13:30:36.366",NULL,"y"
206,20260307,1390,6439,117,"1","0","0","0.0","7.0","1.00","14.910","2026-03-24 13:30:36.366",NULL,"y"
207,20270707,1391,6439,117,"1","0","0","0.0","7.0","1.00","14.910","2026-03-24 13:30:36.366",NULL,"y"
208,20270707,1391,6439,117,"1","0","0","0.0","7.0","1.00","14.910","2026-03-24 13:30:36.366",NULL,"y"
209,20270707,1391,6439,117,"1","0","0","0.0","7.0","1.00","14.910","2026-03-24 13:30:36.366",NULL,"y"
210,20270208,1392,6439,117,"1","0","0","0.0","7.0","1.00","30.430","2026-03-24 13:30:36.366",NULL,"y"
211,20270208,1392,6439,117,"1","0","0","0.0","7.0","1.00","30.430","2026-03-24 13:30:36.366",NULL,"y"
212,20270208,1392,6439,117,"1","0","0","0.0","7.0","1.00","30.430","2026-03-24 13:30:36.366",NULL,"y"
213,20270208,1392,6439,117,"1","0","0","0.0","7.0","1.00","30.430","2026-03-24 13:30:36.366",NULL,"y"
214,20270708,1393,6439,117,"1","0","0","0.0","7.0","1.00","14.910","2026-03-24 13:30:36.366",NULL,"y"
215,20270708,1393,6439,117,"1","0","0","0.0","7.0","1.00","14.910","2026-03-24 13:30:36.366",NULL,"y"
216,20270708,1393,6439,117,"1","0","0","0.0","7.0","1.00","14.910","2026-03-24 13:30:36.366",NULL,"y"
217,20270708,1393,6439,117,"1","0","0","0.0","7.0","1.00","14.910","2026-03-24 13:30:36.366",NULL,"y"
218,20251009,1394,6439,117,"1","0","0","0.0","7.0","1.00","21.870","2026-03-24 13:30:36.366",NULL,"y"
219,20251009,1394,6439,117,"1","0","0","0.0","7.0","1.00","21.870","2026-03-24 13:30:36.366",NULL,"y"
220,20251009,1394,6439,117,"1","0","0","0.0","7.0","1.00","21.870","2026-03-24 13:30:36.366",NULL,"y"
221,20260310,1395,6439,117,"1","0","0","0.0","7.0","1.00","14.910","2026-03-24 13:30:36.366",NULL,"y"
222,20260310,1395,6439,117,"1","0","0","0.0","7.0","1.00","14.910","2026-03-24 13:30:36.366",NULL,"y"
223,20270710,1396,6439,117,"1","0","0","0.0","7.0","1.00","7.960","2026-03-24 13:30:36.366",NULL,"y"
224,20251111,1397,6439,117,"1","0","0","0.0","7.0","1.00","14.910","2026-03-24 13:30:36.366",NULL,"y"
225,20251111,1397,6439,117,"1","0","0","0.0","7.0","1.00","14.910","2026-03-24 13:30:36.366",NULL,"y"
226,20260412,1398,6439,117,"1","0","0","0.0","7.0","1.00","8.490","2026-03-24 13:30:36.366",NULL,"y"
227,20250811,1399,6440,84,"50","6.5","0","325.0","19.0","1","391.618","2026-03-24 13:30:36.366",NULL,"y"
228,20251106,1400,6440,84,"50","6.5","0","325.0","19.0","1","391.618","2026-03-24 13:30:36.366",NULL,"y"
229,20250718,1401,6441,118,"1","3.668","0","3.668","19.0","1.000","29.649","2026-03-24 13:30:36.366",NULL,"y"
230,20250718,1401,6442,118,"3","8.145","0","24.435001","19.0","1.000","29.649","2026-03-24 13:30:36.366",NULL,"y"
231,20250228,1402,6443,119,"144,157","2,0461","0","294.95963","19.0","1","365","2026-03-24 13:30:36.366",NULL,"y"
232,20250331,1403,6443,119,"93,465","2,0461","0","191.23872","19.0","1","237","2026-03-24 13:30:36.366",NULL,"y"
233,20250531,1404,6443,119,"66,535","2,046","0","136.13062","19.0","1","169","2026-03-24 13:30:36.366",NULL,"y"
234,20250430,1405,6443,119,"91,089","2,046","0","186.36809","19.0","1","231","2026-03-24 13:30:36.366",NULL,"y"
235,20250221,1406,6444,67,"20","16.64","0","332.8","19.0","1","400.992","2026-03-24 13:30:36.366",NULL,"y"
236,20250205,1407,6445,67,"10","16.807","0","168.06999","19.0","1","1946.013","2026-03-24 13:30:36.366",NULL,"y"
237,20250205,1407,6446,67,"10","42.017","0","420.16998","19.0","1","1946.013","2026-03-24 13:30:36.366",NULL,"y"
238,20250205,1407,6447,67,"10","54.622","0","546.22003","19.0","1","1946.013","2026-03-24 13:30:36.366",NULL,"y"
239,20250205,1407,6448,67,"5","18.487","0","92.435","19.0","1","1946.013","2026-03-24 13:30:36.366",NULL,"y"
240,20250205,1407,6449,67,"5","26.891","0","134.455","19.0","1","1946.013","2026-03-24 13:30:36.366",NULL,"y"
241,20250205,1407,6450,67,"5","25.211","0","126.055","19.0","1","1946.013","2026-03-24 13:30:36.366",NULL,"y"
242,20250205,1407,6451,67,"5","29.412","0","147.06","19.0","1","1946.013","2026-03-24 13:30:36.366",NULL,"y"
243,20250211,1408,6452,20,"4","3.5","0","14.0","2.66","1","17.66","2026-03-24 13:30:36.366",NULL,"y"
244,20250227,1409,6453,20,"1000","0.13","0","130.0","24.7","1","155.7","2026-03-24 13:30:36.366",NULL,"y"
245,20250131,1410,6454,120,"20","12","0","240.0","0","1","511","2026-03-24 13:30:36.366",NULL,"y"
246,20250131,1410,6455,120,"10","27","0","270.0","0","1","511","2026-03-24 13:30:36.366",NULL,"y"
247,20250213,1411,6456,120,"10","12","0","120.0","0","1","256","2026-03-24 13:30:36.366",NULL,"y"
248,20250213,1411,6457,120,"5","27","0","135.0","0","1","256","2026-03-24 13:30:36.366",NULL,"y"
249,20250506,1418,6458,120,"20","12","0","240.0","0","1","241","2026-03-24 13:30:36.366",NULL,"y"
250,20251127,1418,6459,120,"3","12","0","36.0","0","0","100","2026-03-24 13:30:36.366",NULL,"y"
251,20251127,1418,6460,120,"5","8","0","40.0","0","0","100","2026-03-24 13:30:36.366",NULL,"y"
252,20251127,1418,6460,120,"3","8","0","24.0","0","0","100","2026-03-24 13:30:36.366",NULL,"y"
253,20250815,1418,6462,120,"5","4","0","20.0","0","0","60","2026-03-24 13:30:36.366",NULL,"y"
254,20250422,1412,6463,120,"15","27","0","405.0","0","1","406","2026-03-24 13:30:36.366",NULL,"y"
255,20250814,1418,6464,120,"4","45","0","180.0","0","0","1125","2026-03-24 13:30:36.366",NULL,"y"
256,20250814,1418,6465,120,"63","15","0","945.0","0","0","1125","2026-03-24 13:30:36.366",NULL,"y"
257,20250826,1418,6466,120,"5","9","0","45.0","0","0","565","2026-03-24 13:30:36.366",NULL,"y"
258,20250826,1418,6467,120,"5","9","0","45.0","0","0","565","2026-03-24 13:30:36.366",NULL,"y"
259,20250826,1418,6468,120,"5","9","0","45.0","0","0","565","2026-03-24 13:30:36.366",NULL,"y"
260,20250826,1418,6469,120,"5","12","0","60.0","0","0","565","2026-03-24 13:30:36.366",NULL,"y"
261,20250826,1418,6471,120,"5","9","0","45.0","0","0","565","2026-03-24 13:30:36.366",NULL,"y"
262,20250826,1418,6472,120,"5","12","0","60.0","0","0","565","2026-03-24 13:30:36.366",NULL,"y"
263,20250826,1418,6465,120,"15","15","0","225.0","0","0","565","2026-03-24 13:30:36.366",NULL,"y"
264,20251027,1413,6471,120,"10","0","0","0.0","0","0","190","2026-03-24 13:30:36.366",NULL,"y"
265,20251027,1413,6473,120,"5","0","0","0.0","0","0","190","2026-03-24 13:30:36.366",NULL,"y"
266,20251027,1413,6474,120,"3","0","0","0.0","0","0","190","2026-03-24 13:30:36.366",NULL,"y"
267,20251027,1413,6475,120,"2","0","0","0.0","0","0","190","2026-03-24 13:30:36.366",NULL,"y"
268,20230406,1521,6307,9,"0","0","0","500,5","0","0","","2026-03-24 13:30:36.414",NULL,"y"
269,20230610,1522,6307,9,"0","0","0","812,4","0","0","","2026-03-24 13:30:36.414",NULL,"y"
270,20230712,1523,6307,9,"0","0","0","799,385","0","0","","2026-03-24 13:30:36.414",NULL,"y"
271,20230803,1524,6307,9,"0","0","0","666,112","0","0","","2026-03-24 13:30:36.414",NULL,"y"
272,20230924,1525,6307,9,"0","0","0","616","0","0","","2026-03-24 13:30:36.414",NULL,"y"
273,20231011,1526,6307,9,"0","0","0","663,444","0","0","","2026-03-24 13:30:36.414",NULL,"y"
274,20231121,1527,6307,10,"0","0","0","1081,75","0","0","","2026-03-24 13:30:36.414",NULL,"y"
275,20231121,1528,6307,9,"0","0","0","462,216","0","0","","2026-03-24 13:30:36.414",NULL,"y"
276,20231206,1529,6307,11,"0","0","0","934,58","0","0","","2026-03-24 13:30:36.414",NULL,"y"
277,20231206,1530,6307,12,"0","0","0","420,551","0","0","","2026-03-24 13:30:36.414",NULL,"y"
278,20231215,1531,6307,13,"0","0","0","762","0","0","","2026-03-24 13:30:36.414",NULL,"y"
279,20231218,1532,6307,14,"0","0","0","1690,2","0","0","","2026-03-24 13:30:36.414",NULL,"y"
280,20231221,1533,6307,15,"0","0","0","1900","0","0","","2026-03-24 13:30:36.414",NULL,"y"
281,20231221,1534,6307,16,"0","0","0","1425","0","0","","2026-03-24 13:30:36.414",NULL,"y"
282,20231221,1535,6307,10,"0","0","0","3640","0","0","","2026-03-24 13:30:36.414",NULL,"y"
283,20231225,1536,6307,17,"0","0","0","1800","0","0","","2026-03-24 13:30:36.414",NULL,"y"
284,20231228,1537,6307,9,"0","0","0","504,462","0","0","","2026-03-24 13:30:36.414",NULL,"y"
285,20240124,1538,6307,18,"0","0","0","950","0","0","","2026-03-24 13:30:36.414",NULL,"y"
286,20240116,1530,6307,12,"0","0","0","3932,2499","0","0","","2026-03-24 13:30:36.414",NULL,"y"
287,20240116,1539,6307,11,"0","0","0","8411,21495","0","0","","2026-03-24 13:30:36.414",NULL,"y"
288,20240711,1498,6307,19,"0","0","0","1797","0","0","","2026-03-24 13:30:36.414",NULL,"y"
289,20240717,1499,6307,20,"0","0","0","375,2","0","0","","2026-03-24 13:30:36.414",NULL,"y"
290,20240715,1500,6307,21,"0","0","0","210,25","0","0","","2026-03-24 13:30:36.414",NULL,"y"
291,20240720,1501,6307,22,"0","0","0","1500,476","0","0","","2026-03-24 13:30:36.414",NULL,"y"
292,20240101,1540,6307,23,"0","0","0","64,286","0","0","","2026-03-24 13:30:36.414",NULL,"y"
293,20240201,1540,6307,23,"0","0","0","64,286","0","0","","2026-03-24 13:30:36.414",NULL,"y"
294,20240301,1540,6307,23,"0","0","0","64,286","0","0","","2026-03-24 13:30:36.414",NULL,"y"
295,20240401,1540,6307,23,"0","0","0","64,286","0","0","","2026-03-24 13:30:36.414",NULL,"y"
296,20240501,1540,6307,23,"0","0","0","64,286","0","0","","2026-03-24 13:30:36.414",NULL,"y"
297,20240601,1540,6307,23,"0","0","0","64,286","0","0","","2026-03-24 13:30:36.414",NULL,"y"
298,20240701,1540,6307,23,"0","0","0","64,286","0","0","","2026-03-24 13:30:36.414",NULL,"y"
299,20240801,1540,6307,23,"0","0","0","64,286","0","0","","2026-03-24 13:30:36.414",NULL,"y"
300,20240728,1541,6307,24,"0","0","0","365","0","0","","2026-03-24 13:30:36.414",NULL,"y"
301,20240619,1542,6307,25,"0","0","0","1116,9","0","0","","2026-03-24 13:30:36.414",NULL,"y"
302,20240527,1418,6307,26,"0","0","0","600","0","0","","2026-03-24 13:30:36.414",NULL,"y"
303,20240301,1418,6307,16,"0","0","0","21028,03","0","0","","2026-03-24 13:30:36.414",NULL,"y"
304,20240901,1540,6307,23,"0","0","0","64,286","0","0","","2026-03-24 13:30:36.414",NULL,"y"
305,20241001,1540,6307,23,"0","0","0","64,286","0","0","","2026-03-24 13:30:36.414",NULL,"y"
306,20241121,1382,6307,27,"0","0","0","625","0","0","","2026-03-24 13:30:36.414",NULL,"y"
307,20241121,1415,6307,28,"0","0","0","65,4","0","0","","2026-03-24 13:30:36.414",NULL,"y"
308,20241108,1543,6307,29,"0","0","0","1250","0","0","","2026-03-24 13:30:36.414",NULL,"y"
309,20241114,1416,6307,28,"0","0","0","9000","0","0","","2026-03-24 13:30:36.414",NULL,"y"
310,20241209,1544,6307,30,"0","0","0","207,5","0","0","","2026-03-24 13:30:36.414",NULL,"y"
311,20241205,1545,6307,30,"0","0","0","1335","0","0","","2026-03-24 13:30:36.414",NULL,"y"
312,20241205,1418,6307,31,"0","0","0","16095","0","0","","2026-03-24 13:30:36.414",NULL,"y"
313,20250106,1418,6307,32,"0","0","0","1800","0","0","","2026-03-24 13:30:36.414",NULL,"y"
314,20241206,1418,6307,33,"0","0","0","440","0","0","","2026-03-24 13:30:36.414",NULL,"y"
315,20241206,1418,6307,34,"0","0","0","230","0","0","","2026-03-24 13:30:36.414",NULL,"y"
316,20241225,1418,6307,35,"0","0","0","420","0","0","","2026-03-24 13:30:36.414",NULL,"y"
317,20241231,1418,6307,36,"0","0","0","550","0","0","","2026-03-24 13:30:36.414",NULL,"y"
318,20240301,1418,6307,37,"0","0","0","250","0","0","","2026-03-24 13:30:36.414",NULL,"y"
319,20240308,1418,6307,4,"0","0","0","900","0","0","","2026-03-24 13:30:36.414",NULL,"y"
320,20241225,1418,6307,82,"0","0","0","818","0","0","","2026-03-24 13:30:36.414",NULL,"y"
321,20250106,1418,6307,15,"0","0","0","830","0","0","","2026-03-24 13:30:36.414",NULL,"y"
322,20241222,1418,6307,36,"0","0","0","90","0","0","","2026-03-24 13:30:36.414",NULL,"y"
323,20241231,1418,6307,20,"0","0","0","90","0","0","","2026-03-24 13:30:36.414",NULL,"y"
324,20241115,1418,6307,15,"0","0","0","125","0","0","","2026-03-24 13:30:36.414",NULL,"y"
325,20241101,1418,6307,39,"0","0","0","140","0","0","","2026-03-24 13:30:36.414",NULL,"y"
326,20241001,1418,6307,39,"0","0","0","75","0","0","","2026-03-24 13:30:36.414",NULL,"y"
327,20241101,1418,6307,40,"0","0","0","30","0","0","","2026-03-24 13:30:36.414",NULL,"y"
328,20241001,1418,6307,41,"0","0","0","200","0","0","","2026-03-24 13:30:36.429",NULL,"y"
329,20241231,1418,6307,42,"0","0","0","200","0","0","","2026-03-24 13:30:36.429",NULL,"y"
330,20241231,1418,6307,43,"0","0","0","250","0","0","","2026-03-24 13:30:36.429",NULL,"y"
331,20241231,1418,6307,44,"0","0","0","20","0","0","","2026-03-24 13:30:36.429",NULL,"y"
332,20241202,1418,6307,7,"0","0","0","500","0","0","","2026-03-24 13:30:36.429",NULL,"y"
333,20241231,1418,6307,46,"0","0","0","300","0","0","","2026-03-24 13:30:36.429",NULL,"y"
334,20241231,1546,6307,14,"0","0","0","2626","0","0","","2026-03-24 13:30:36.429",NULL,"y"
335,20240326,1418,6307,47,"0","0","0","350","0","0","","2026-03-24 13:30:36.429",NULL,"y"
336,20240501,1418,6307,31,"0","0","0","500","0","0","","2026-03-24 13:30:36.429",NULL,"y"
337,20240401,1418,6307,27,"0","0","0","656,6","0","0","","2026-03-24 13:30:36.429",NULL,"y"
338,20240501,1418,6307,17,"0","0","0","330","0","0","","2026-03-24 13:30:36.429",NULL,"y"
339,20240701,1418,6307,27,"0","0","0","480","0","0","","2026-03-24 13:30:36.429",NULL,"y"
340,20240610,1418,6307,48,"0","0","0","380","0","0","","2026-03-24 13:30:36.429",NULL,"y"
341,20240301,1418,6307,49,"0","0","0","120","0","0","","2026-03-24 13:30:36.429",NULL,"y"
342,20240201,1418,6307,50,"0","0","0","140","0","0","","2026-03-24 13:30:36.429",NULL,"y"
343,20240301,1418,6307,51,"0","0","0","70","0","0","","2026-03-24 13:30:36.429",NULL,"y"
344,20240325,1418,6307,52,"0","0","0","75","0","0","","2026-03-24 13:30:36.429",NULL,"y"
345,20240301,1418,6307,53,"0","0","0","75","0","0","","2026-03-24 13:30:36.429",NULL,"y"
346,20240401,1418,6307,28,"0","0","0","189","0","0","","2026-03-24 13:30:36.429",NULL,"y"
347,20241223,1418,6307,54,"0","0","0","100","0","0","","2026-03-24 13:30:36.429",NULL,"y"
348,-1,1410,6307,55,"0","0","0","510","0","0","","2026-03-24 13:30:36.429",NULL,"y"
349,20240315,1418,6307,40,"0","0","0","894","0","0","","2026-03-24 13:30:36.429",NULL,"y"
350,20250102,1330,6307,56,"0","0","0","1000","0","0","","2026-03-24 13:30:36.429",NULL,"y"
351,20250121,1372,6307,57,"0","0","0","2350","0","0","","2026-03-24 13:30:36.429",NULL,"y"
352,20250128,1418,6307,58,"0","0","0","35,294","0","0","","2026-03-24 13:30:36.429",NULL,"y"
353,20250123,1327,6307,59,"0","0","0","1250","0","0","","2026-03-24 13:30:36.429",NULL,"y"
354,20250124,1418,6307,82,"0","0","0","2860,5","0","0","","2026-03-24 13:30:36.429",NULL,"y"
355,20250127,1366,6307,62,"0","0","0","37","0","0","","2026-03-24 13:30:36.429",NULL,"y"
356,20250217,1379,6307,63,"0","0","0","1948","0","0","","2026-03-24 13:30:36.429",NULL,"y"
357,20250224,1380,6307,64,"0","0","0","50","0","0","","2026-03-24 13:30:36.429",NULL,"y"
358,20250219,1371,6307,65,"0","0","0","2900","0","0","","2026-03-24 13:30:36.429",NULL,"y"
359,20250221,1406,6307,67,"0","0","0","332,8","0","0","","2026-03-24 13:30:36.429",NULL,"y"
360,20250211,1408,6307,68,"0","0","0","14","0","0","","2026-03-24 13:30:36.429",NULL,"y"
361,20250227,1409,6307,68,"0","0","0","130","0","0","","2026-03-24 13:30:36.429",NULL,"y"
362,20250226,1353,6307,15,"0","0","0","13050","0","0","","2026-03-24 13:30:36.429",NULL,"y"
363,20250203,1359,6307,70,"0","0","0","164,4","0","0","","2026-03-24 13:30:36.429",NULL,"y"
364,20250228,1402,6307,74,"0","0","0","305,883","0","0","","2026-03-24 13:30:36.429",NULL,"y"
365,20250205,1407,6307,67,"0","0","0","1634,465","0","0","","2026-03-24 13:30:36.429",NULL,"y"
366,20250212,1350,6307,15,"0","0","0","426","0","0","","2026-03-24 13:30:36.429",NULL,"y"
367,20250213,1411,6307,55,"0","0","0","255","0","0","","2026-03-24 13:30:36.429",NULL,"y"
368,20250218,1418,6307,72,"0","0","0","92","0","0","","2026-03-24 13:30:36.429",NULL,"y"
369,20250228,1334,6307,73,"0","0","0","1 630,000","0","0","","2026-03-24 13:30:36.429",NULL,"y"
370,20250313,1335,6307,73,"0","0","0","1 150,450","0","0","","2026-03-24 13:30:36.429",NULL,"y"
371,20250310,1381,6307,64,"0","0","0","100","0","0","","2026-03-24 13:30:36.429",NULL,"y"
372,20250325,1372,6307,12,"0","0","0","13458","0","0","","2026-03-24 13:30:36.429",NULL,"y"
373,20250327,1332,6307,73,"0","0","0","108","0","0","","2026-03-24 13:30:36.429",NULL,"y"
374,20250201,1339,6307,23,"0","0","0","75,63","0","0","","2026-03-24 13:30:36.429",NULL,"y"
375,20250301,1340,6307,23,"0","0","0","25,21","0","0","","2026-03-24 13:30:36.429",NULL,"y"
376,20250331,1403,6307,74,"0","0","0","198,32","0","0","","2026-03-24 13:30:36.429",NULL,"y"
377,20250203,1369,6307,76,"0","0","0","720","0","0","","2026-03-24 13:30:36.429",NULL,"y"
378,20250327,1363,6307,77,"0","0","0","49,58","0","0","","2026-03-24 13:30:36.429",NULL,"y"
379,20250420,1373,6307,12,"0","0","0","17391","0","0","","2026-03-24 13:30:36.429",NULL,"y"
380,20250422,1412,6307,55,"0","0","0","405","0","0","","2026-03-24 13:30:36.429",NULL,"y"
381,20250430,1405,6307,74,"0","0","0","193,277","0","0","","2026-03-24 13:30:36.429",NULL,"y"
382,20250531,1404,6307,74,"0","0","0","141,177","0","0","","2026-03-24 13:30:36.429",NULL,"y"
383,20250718,1364,6307,80,"0","0","0","9,782","0","0","","2026-03-24 13:30:36.429",NULL,"y"
384,20250814,1418,6307,55,"0","0","0","1125","0","0","","2026-03-24 13:30:36.429",NULL,"y"
385,20250818,1355,6307,15,"0","0","0","692","0","0","","2026-03-24 13:30:36.429",NULL,"y"
386,20250821,1374,6307,21,"0","0","0","84,1","0","0","","2026-03-24 13:30:36.429",NULL,"y"
387,20250814,1418,6307,81,"0","0","0","46","0","0","","2026-03-24 13:30:36.429",NULL,"y"
388,20250804,1377,6307,82,"0","0","0","248","0","0","","2026-03-24 13:30:36.429",NULL,"y"
389,20250828,1354,6307,15,"0","0","0","1568","0","0","","2026-03-24 13:30:36.429",NULL,"y"
390,20250811,1399,6307,84,"0","0","0","325","0","0","","2026-03-24 13:30:36.429",NULL,"y"
391,20250910,1333,6307,73,"0","0","0","250","0","0","","2026-03-24 13:30:36.429",NULL,"y"
392,20250718,1331,6307,73,"0","0","0","250","0","0","","2026-03-24 13:30:36.429",NULL,"y"
393,20250923,1348,6307,15,"0","0","0","394","0","0","","2026-03-24 13:30:36.429",NULL,"y"
394,20250923,1352,6307,15,"0","0","0","816","0","0","","2026-03-24 13:30:36.429",NULL,"y"
395,20251127,1418,6307,55,"0","0","0","100","0","0","","2026-03-24 13:30:36.429",NULL,"y"
396,20251129,1370,6307,40,"0","0","0","1153","0","0","","2026-03-24 13:30:36.429",NULL,"y"
397,20250901,1530,6307,40,"0","0","0","2000","0","0","","2026-03-24 13:30:36.429",NULL,"y"
398,20250521,1384,6307,86,"0","0","0","19,5","0","0","","2026-03-24 13:30:36.429",NULL,"y"
399,20250610,1386,6307,86,"0","0","0","17","0","0","","2026-03-24 13:30:36.429",NULL,"y"
400,20250617,1387,6307,86,"0","0","0","33","0","0","","2026-03-24 13:30:36.429",NULL,"y"
401,20250624,1388,6307,86,"0","0","0","16,5","0","0","","2026-03-24 13:30:36.429",NULL,"y"
402,20250709,1389,6307,86,"0","0","0","33","0","0","","2026-03-24 13:30:36.429",NULL,"y"
403,20250715,1390,6307,86,"0","0","0","33","0","0","","2026-03-24 13:30:36.429",NULL,"y"
404,20250731,1391,6307,86,"0","0","0","33","0","0","","2026-03-24 13:30:36.429",NULL,"y"
405,20250910,1394,6307,86,"0","0","0","49,5","0","0","","2026-03-24 13:30:36.429",NULL,"y"
406,20251015,1395,6307,86,"0","0","0","33","0","0","","2026-03-24 13:30:36.429",NULL,"y"
407,20251031,1396,6307,86,"0","0","0","16,5","0","0","","2026-03-24 13:30:36.429",NULL,"y"
408,20251111,1397,6307,86,"0","0","0","33","0","0","","2026-03-24 13:30:36.429",NULL,"y"
409,20251216,1398,6307,86,"0","0","0","17","0","0","","2026-03-24 13:30:36.429",NULL,"y"
410,20251118,1414,6307,28,"0","0","0","1351","0","0","","2026-03-24 13:30:36.429",NULL,"y"
411,20251210,1418,6307,83,"0","0","0","440","0","0","","2026-03-24 13:30:36.429",NULL,"y"
412,20251208,1360,6307,88,"0","0","0","3995","0","0","","2026-03-24 13:30:36.429",NULL,"y"
413,20251208,1361,6307,88,"0","0","0","3437,5","0","0","","2026-03-24 13:30:36.429",NULL,"y"
414,20251209,1362,6307,88,"0","0","0","2996,25","0","0","","2026-03-24 13:30:36.429",NULL,"y"
415,20250901,1418,6307,4,"0","0","0","2100","0","0","","2026-03-24 13:30:36.429",NULL,"y"
416,20250901,1418,6307,7,"0","0","0","1548","0","0","","2026-03-24 13:30:36.429",NULL,"y"
417,-1,1418,7214,1,"0","30","0","30","0","0","","2026-03-24 13:30:36.477",NULL,"y"
418,-1,1418,7215,1,"0","30","0","30","0","0","","2026-03-24 13:30:36.477",NULL,"y"
419,-1,1418,7216,2,"0","80","0","80","0","0","","2026-03-24 13:30:36.477",NULL,"y"
420,-1,1418,7217,2,"0","40","0","40","0","0","","2026-03-24 13:30:36.477",NULL,"y"
421,-1,1418,7218,2,"0","34","0","34","0","0","","2026-03-24 13:30:36.477",NULL,"y"
422,-1,1418,7219,2,"0","45","0","45","0","0","","2026-03-24 13:30:36.477",NULL,"y"
423,-1,1418,7220,2,"0","34","0","34","0","0","","2026-03-24 13:30:36.477",NULL,"y"
424,-1,1418,7221,2,"0","40","0","40","0","0","","2026-03-24 13:30:36.477",NULL,"y"
425,-1,1418,7222,2,"0","125","0","125","0","0","","2026-03-24 13:30:36.477",NULL,"y"
426,-1,1418,6704,2,"0","90","0","90","0","0","","2026-03-24 13:30:36.477",NULL,"y"
427,-1,1418,6698,2,"0","16,5","0","16,5","0","0","","2026-03-24 13:30:36.477",NULL,"y"
428,-1,1418,6699,2,"0","85","0","85","0","0","","2026-03-24 13:30:36.477",NULL,"y"
429,-1,1418,6692,2,"0","115","0","115","0","0","","2026-03-24 13:30:36.477",NULL,"y"
430,-1,1418,6700,2,"0","65","0","65","0","0","","2026-03-24 13:30:36.477",NULL,"y"
431,-1,1418,6647,2,"0","30","0","30","0","0","","2026-03-24 13:30:36.477",NULL,"y"
432,-1,1418,6665,3,"0","18","0","18","0","0","","2026-03-24 13:30:36.477",NULL,"y"
433,-1,1418,6709,3,"0","17","0","17","0","0","","2026-03-24 13:30:36.477",NULL,"y"
434,-1,1418,6711,3,"0","15","0","15","0","0","","2026-03-24 13:30:36.477",NULL,"y"
435,-1,1418,6689,3,"0","20","0","20","0","0","","2026-03-24 13:30:36.477",NULL,"y"
436,-1,1418,7223,3,"0","20","0","20","0","0","","2026-03-24 13:30:36.477",NULL,"y"
437,-1,1418,7225,3,"0","20","0","20","0","0","","2026-03-24 13:30:36.477",NULL,"y"
438,-1,1418,6684,3,"0","20","0","20","0","0","","2026-03-24 13:30:36.477",NULL,"y"
439,-1,1418,7226,3,"0","20","0","20","0","0","","2026-03-24 13:30:36.477",NULL,"y"
440,-1,1418,7227,3,"0","17","0","17","0","0","","2026-03-24 13:30:36.477",NULL,"y"
441,-1,1418,6615,3,"0","25","0","25","0","0","","2026-03-24 13:30:36.477",NULL,"y"
442,-1,1418,7228,3,"0","15","0","15","0","0","","2026-03-24 13:30:36.477",NULL,"y"
443,-1,1418,6678,3,"0","15","0","15","0","0","","2026-03-24 13:30:36.477",NULL,"y"
444,-1,1418,7229,3,"0","15","0","15","0","0","","2026-03-24 13:30:36.477",NULL,"y"
445,-1,1418,7230,3,"0","15","0","15","0","0","","2026-03-24 13:30:36.477",NULL,"y"
446,-1,1418,7231,3,"0","15","0","15","0","0","","2026-03-24 13:30:36.477",NULL,"y"
447,-1,1418,7232,3,"0","90","0","90","0","0","","2026-03-24 13:30:36.477",NULL,"y"
448,-1,1418,7237,6,"0","60","0","60","0","0","","2026-03-24 13:30:36.477",NULL,"y"
449,-1,1418,7238,6,"0","60","0","60","0","0","","2026-03-24 13:30:36.477",NULL,"y"
450,-1,1418,7239,6,"0","60","0","60","0","0","","2026-03-24 13:30:36.477",NULL,"y"
451,-1,1418,7240,6,"0","100","0","100","0","0","","2026-03-24 13:30:36.477",NULL,"y"
452,-1,1418,7242,7,"0","48","0","48","0","0","","2026-03-24 13:30:36.477",NULL,"y"
453,-1,1418,7243,7,"0","58","0","58","0","0","","2026-03-24 13:30:36.477",NULL,"y"
454,-1,1418,7244,7,"0","28","0","28","0","0","","2026-03-24 13:30:36.477",NULL,"y"
455,-1,1418,7245,1,"0","7","0","7","0","0","","2026-03-24 13:30:36.477",NULL,"y"
456,-1,1418,6307,91,"0","0","0",NULL,"0","0","1948","2026-03-24 13:30:36.547",NULL,"y"
457,-1,1418,6307,27,"0","0","0",NULL,"0","0","1761,6","2026-03-24 13:30:36.547",NULL,"y"
458,-1,1418,6307,64,"0","0","0",NULL,"0","0","150","2026-03-24 13:30:36.547",NULL,"y"
459,-1,1418,6307,25,"0","0","0",NULL,"0","0","1212,9","2026-03-24 13:30:36.547",NULL,"y"
460,-1,1418,6307,86,"0","0","0",NULL,"0","0","334","2026-03-24 13:30:36.549",NULL,"y"
461,-1,1418,6307,18,"0","0","0",NULL,"0","0","950","2026-03-24 13:30:36.549",NULL,"y"
462,-1,1418,6307,84,"0","0","0",NULL,"0","0","650","2026-03-24 13:30:36.549",NULL,"y"
463,-1,1418,6307,79,"0","0","0",NULL,"0","0","29,649","2026-03-24 13:30:36.549",NULL,"y"
464,-1,1418,6307,21,"0","0","0",NULL,"0","0","294,35","2026-03-24 13:30:36.549",NULL,"y"
465,-1,1418,6307,26,"0","0","0",NULL,"0","0","600","2026-03-24 13:30:36.549",NULL,"y"
466,-1,1418,6307,57,"0","0","0",NULL,"0","0","2350","2026-03-24 13:30:36.549",NULL,"y"
467,-1,1418,6307,22,"0","0","0",NULL,"0","0","1500,476","2026-03-24 13:30:36.549",NULL,"y"
468,-1,1418,6307,48,"0","0","0",NULL,"0","0","380","2026-03-24 13:30:36.549",NULL,"y"
469,-1,1418,6307,41,"0","0","0",NULL,"0","0","200","2026-03-24 13:30:36.549",NULL,"y"
470,-1,1418,6307,36,"0","0","0",NULL,"0","0","640","2026-03-24 13:30:36.549",NULL,"y"
471,-1,1418,6307,66,"0","0","0",NULL,"0","0","205,607","2026-03-24 13:30:36.549",NULL,"y"
472,-1,1418,6307,77,"0","0","0",NULL,"0","0","49,58","2026-03-24 13:30:36.549",NULL,"y"
473,-1,1418,6307,53,"0","0","0",NULL,"0","0","75","2026-03-24 13:30:36.549",NULL,"y"
474,-1,1418,6307,40,"0","0","0",NULL,"0","0","4077","2026-03-24 13:30:36.549",NULL,"y"
475,-1,1418,6307,78,"0","0","0",NULL,"0","0","111,86999999999999","2026-03-24 13:30:36.549",NULL,"y"
476,-1,1418,6307,65,"0","0","0",NULL,"0","0","2900","2026-03-24 13:30:36.549",NULL,"y"
477,-1,1418,6307,67,"0","0","0",NULL,"0","0","1967,2649999999999","2026-03-24 13:30:36.549",NULL,"y"
478,-1,1418,6307,16,"0","0","0",NULL,"0","0","22453,03","2026-03-24 13:30:36.549",NULL,"y"
479,-1,1418,6307,24,"0","0","0",NULL,"0","0","678,87","2026-03-24 13:30:36.549",NULL,"y"
480,-1,1418,6307,44,"0","0","0",NULL,"0","0","20","2026-03-24 13:30:36.549",NULL,"y"
481,-1,1418,6307,68,"0","0","0",NULL,"0","0","144","2026-03-24 13:30:36.549",NULL,"y"
482,-1,1418,6307,20,"0","0","0",NULL,"0","0","465,2","2026-03-24 13:30:36.549",NULL,"y"
483,-1,1418,6307,56,"0","0","0",NULL,"0","0","1000","2026-03-24 13:30:36.549",NULL,"y"
484,-1,1418,6307,51,"0","0","0",NULL,"0","0","70","2026-03-24 13:30:36.549",NULL,"y"
485,-1,1418,6307,45,"0","0","0",NULL,"0","0","500","2026-03-24 13:30:36.549",NULL,"y"
486,-1,1418,6307,17,"0","0","0",NULL,"0","0","2130","2026-03-24 13:30:36.549",NULL,"y"
487,-1,1418,6307,12,"0","0","0",NULL,"0","0","36249,8009","2026-03-24 13:30:36.549",NULL,"y"
488,-1,1418,6307,73,"0","0","0",NULL,"0","0","608","2026-03-24 13:30:36.549",NULL,"y"
489,-1,1418,6307,31,"0","0","0",NULL,"0","0","16595","2026-03-24 13:30:36.549",NULL,"y"
490,-1,1418,6307,55,"0","0","0",NULL,"0","0","3450","2026-03-24 13:30:36.549",NULL,"y"
491,-1,1418,6307,30,"0","0","0",NULL,"0","0","1542,5","2026-03-24 13:30:36.549",NULL,"y"
492,-1,1418,6307,80,"0","0","0",NULL,"0","0","9,782","2026-03-24 13:30:36.549",NULL,"y"
493,-1,1418,6307,72,"0","0","0",NULL,"0","0","92","2026-03-24 13:30:36.549",NULL,"y"
494,-1,1418,6307,4,"0","0","0",NULL,"0","0","3000","2026-03-24 13:30:36.549",NULL,"y"
495,-1,1418,6307,29,"0","0","0",NULL,"0","0","1250","2026-03-24 13:30:36.549",NULL,"y"
496,-1,1418,6307,58,"0","0","0",NULL,"0","0","35,294","2026-03-24 13:30:36.549",NULL,"y"
497,-1,1418,6307,54,"0","0","0",NULL,"0","0","100","2026-03-24 13:30:36.549",NULL,"y"
498,-1,1418,6307,11,"0","0","0",NULL,"0","0","9345,79495","2026-03-24 13:30:36.549",NULL,"y"
499,-1,1418,6307,34,"0","0","0",NULL,"0","0","230","2026-03-24 13:30:36.549",NULL,"y"
500,-1,1418,6307,69,"0","0","0",NULL,"0","0","1836,2","2026-03-24 13:30:36.549",NULL,"y"
501,-1,1418,6307,59,"0","0","0",NULL,"0","0","1250","2026-03-24 13:30:36.549",NULL,"y"
502,-1,1418,6307,52,"0","0","0",NULL,"0","0","75","2026-03-24 13:30:36.549",NULL,"y"
503,-1,1418,6307,50,"0","0","0",NULL,"0","0","140","2026-03-24 13:30:36.549",NULL,"y"
504,-1,1418,6307,19,"0","0","0",NULL,"0","0","1797","2026-03-24 13:30:36.549",NULL,"y"
505,-1,1418,6307,14,"0","0","0",NULL,"0","0","4316,2","2026-03-24 13:30:36.549",NULL,"y"
506,-1,1418,6307,83,"0","0","0",NULL,"0","0","1358","2026-03-24 13:30:36.552",NULL,"y"
507,-1,1418,6307,43,"0","0","0",NULL,"0","0","250","2026-03-24 13:30:36.552",NULL,"y"
508,-1,1418,6307,23,"0","0","0",NULL,"0","0","743,7000000000002","2026-03-24 13:30:36.552",NULL,"y"
509,-1,1418,6307,15,"0","0","0",NULL,"0","0","40138","2026-03-24 13:30:36.552",NULL,"y"
510,-1,1418,6307,42,"0","0","0",NULL,"0","0","200","2026-03-24 13:30:36.552",NULL,"y"
511,-1,1418,6307,87,"0","0","0",NULL,"0","0","418,8","2026-03-24 13:30:36.552",NULL,"y"
512,-1,1418,6307,70,"0","0","0",NULL,"0","0","164,4","2026-03-24 13:30:36.552",NULL,"y"
513,-1,1418,6307,37,"0","0","0",NULL,"0","0","250","2026-03-24 13:30:36.552",NULL,"y"
514,-1,1418,6307,89,"0","0","0",NULL,"0","0","1080","2026-03-24 13:30:36.552",NULL,"y"
515,-1,1418,6307,88,"0","0","0",NULL,"0","0","10502,75","2026-03-24 13:30:36.552",NULL,"y"
516,-1,1418,6307,81,"0","0","0",NULL,"0","0","46","2026-03-24 13:30:36.552",NULL,"y"
517,-1,1418,6307,60,"0","0","0",NULL,"0","0","386,56","2026-03-24 13:30:36.552",NULL,"y"
518,-1,1418,6307,33,"0","0","0",NULL,"0","0","440","2026-03-24 13:30:36.552",NULL,"y"
519,-1,1418,6307,28,"0","0","0",NULL,"0","0","9254,4","2026-03-24 13:30:36.552",NULL,"y"
520,-1,1418,6307,28,"0","0","0",NULL,"0","0","1351","2026-03-24 13:30:36.552",NULL,"y"
521,-1,1418,6307,92,"0","0","0",NULL,"0","0","305,883","2026-03-24 13:30:36.552",NULL,"y"
522,-1,1418,6307,9,"0","0","0",NULL,"0","0","5024,519","2026-03-24 13:30:36.552",NULL,"y"
523,-1,1418,6307,10,"0","0","0",NULL,"0","0","4721,75","2026-03-24 13:30:36.552",NULL,"y"
524,-1,1418,6307,62,"0","0","0",NULL,"0","0","37","2026-03-24 13:30:36.552",NULL,"y"
525,-1,1418,6307,35,"0","0","0",NULL,"0","0","420","2026-03-24 13:30:36.552",NULL,"y"
526,-1,1418,6307,7,"0","0","0",NULL,"0","0","1548","2026-03-24 13:30:36.552",NULL,"y"
527,-1,1418,6307,82,"0","0","0",NULL,"0","0","4660,51","2026-03-24 13:30:36.552",NULL,"y"
528,-1,1418,6307,13,"0","0","0",NULL,"0","0","762","2026-03-24 13:30:36.552",NULL,"y"
529,-1,1418,6307,71,"0","0","0",NULL,"0","0","52","2026-03-24 13:30:36.552",NULL,"y"
530,-1,1418,6307,49,"0","0","0",NULL,"0","0","120","2026-03-24 13:30:36.552",NULL,"y"
531,-1,1418,6307,75,"0","0","0",NULL,"0","0","414,3840000000001","2026-03-24 13:30:36.552",NULL,"y"
532,-1,1418,6307,74,"0","0","0",NULL,"0","0","532,774","2026-03-24 13:30:36.552",NULL,"y"
533,-1,1418,6307,47,"0","0","0",NULL,"0","0","350","2026-03-24 13:30:36.552",NULL,"y"
534,-1,1418,6307,32,"0","0","0",NULL,"0","0","1800","2026-03-24 13:30:36.552",NULL,"y"
535,-1,1418,6307,39,"0","0","0",NULL,"0","0","215","2026-03-24 13:30:36.552",NULL,"y"
536,-1,1418,6307,46,"0","0","0",NULL,"0","0","300","2026-03-24 13:30:36.554",NULL,"y"
537,-1,1418,6307,76,"0","0","0",NULL,"0","0","720","2026-03-24 13:30:36.554",NULL,"y"
538,-1,1418,6307,93,"0","0","0",NULL,"0","0","220338,39885","2026-03-24 13:30:36.554",NULL,"y"
539,20230406,1521,6307,9,"0","0","0","500,5","0,19","1.0","596.595","2026-03-24 13:30:36.607",NULL,"y"
540,20230610,1522,6307,9,"0","0","0","812,4","0,19","1.0","967.756","2026-03-24 13:30:36.607",NULL,"y"
541,20230712,1523,6307,9,"0","0","0","799,385","0,19","1.0","952.26815","2026-03-24 13:30:36.607",NULL,"y"
542,20230803,1524,6307,9,"0","0","0","666,112","0,19","1.0","793.67328","2026-03-24 13:30:36.607",NULL,"y"
543,20230924,1525,6307,9,"0","0","0","616","0,19","1.0","734.04","2026-03-24 13:30:36.607",NULL,"y"
544,20231011,1526,6307,9,"0","0","0","663,444","0,19","1.0","790.49836","2026-03-24 13:30:36.607",NULL,"y"
545,20231121,1527,6307,10,"0","0","0","1081,75","0,19","1.0","1288.2825","2026-03-24 13:30:36.607",NULL,"y"
546,20231121,1528,6307,9,"0","0","0","462,216","0,19","1.0","551.03704","2026-03-24 13:30:36.607",NULL,"y"
547,20231206,1529,6307,11,"0","0","0","934,58","0,07","null","1000.0006","2026-03-24 13:30:36.607",NULL,"y"
548,20231206,1530,6307,94,"0","0","0","420,551","0,07","null","449.98957","2026-03-24 13:30:36.607",NULL,"y"
549,20231215,1531,6307,13,"0","0","0","762","0,19","1.0","907.78","2026-03-24 13:30:36.607",NULL,"y"
550,20231218,1532,6307,14,"0","0","0","1690,2","0,19","1.0","2012.338","2026-03-24 13:30:36.607",NULL,"y"
551,20231221,1534,6307,16,"0","0","0","1425","0,07","null","1524.75","2026-03-24 13:30:36.607",NULL,"y"
552,20231221,1535,6307,10,"0","0","0","3640","0,19","1.0","4332.6","2026-03-24 13:30:36.607",NULL,"y"
553,20231225,1536,6307,17,"0","0","0","1800","0,19","null","2160","2026-03-24 13:30:36.607",NULL,"y"
554,20231228,1537,6307,9,"0","0","0","504,462","0,19","1.0","601.30978","2026-03-24 13:30:36.607",NULL,"y"
555,20240124,1538,6307,18,"0","0","0","950","0,19","1.0","1142,805","2026-03-24 13:30:36.607",NULL,"y"
556,20240116,1530,6307,94,"0","0","0","3932,2499","0,07","null","4207.507393","2026-03-24 13:30:36.607",NULL,"y"
557,20240116,1539,6307,11,"0","0","0","8411,21495","0,07","null","8999.9999965","2026-03-24 13:30:36.607",NULL,"y"
558,20240711,1498,6307,19,"0","0","0","1797","0,19","1.0","2139.395857","2026-03-24 13:30:36.607",NULL,"y"
559,20240717,1499,6307,20,"0","0","0","375,2","0,19","1.0","447.488","2026-03-24 13:30:36.607",NULL,"y"
560,20240715,1500,6307,21,"0","0","0","210,25","0,19","1.0","251.1975","2026-03-24 13:30:36.607",NULL,"y"
561,20240720,1501,6307,22,"0","0","0","1500,476","0,19","1.0","1732.9994468","2026-03-24 13:30:36.607",NULL,"y"
562,20240101,1540,6307,23,"0","0","0","64,286","0,19","12.209448","87.21034","2026-03-24 13:30:36.607",NULL,"y"
563,20240201,1540,6307,23,"0","0","0","64,286","0,19","12.209448","87.21034","2026-03-24 13:30:36.607",NULL,"y"
564,20240301,1540,6307,23,"0","0","0","64,286","0,19","12.209448","87.21034","2026-03-24 13:30:36.607",NULL,"y"
565,20240401,1540,6307,23,"0","0","0","64,286","0,19","12.209448","87.21034","2026-03-24 13:30:36.607",NULL,"y"
566,20240501,1540,6307,23,"0","0","0","64,286","0,19","12.209448","87.21034","2026-03-24 13:30:36.607",NULL,"y"
567,20240601,1540,6307,23,"0","0","0","64,286","0,19","12.209448","87.21034","2026-03-24 13:30:36.607",NULL,"y"
568,20240701,1540,6307,23,"0","0","0","64,286","0,19","12.209448","87.21034","2026-03-24 13:30:36.607",NULL,"y"
569,20240801,1540,6307,23,"0","0","0","64,286","0,19","12.209448","87.21034","2026-03-24 13:30:36.607",NULL,"y"
570,20240728,1541,6307,24,"0","0","0","365","0,19","1.0","435.35","2026-03-24 13:30:36.607",NULL,"y"
571,20240619,1542,6307,25,"0","0","0","1116,9","0,07","1.0","1207.252","2026-03-24 13:30:36.607",NULL,"y"
572,20240527,1418,6307,26,"0","0","0","600","0,19","1.0","721","2026-03-24 13:30:36.607",NULL,"y"
573,20240301,1418,6307,16,"0","0","0","21028,03","0,07","null","22499.9921","2026-03-24 13:30:36.611",NULL,"y"
574,20240901,1540,6307,23,"0","0","0","64,286","0,19","12.209448","87.21034","2026-03-24 13:30:36.611",NULL,"y"
575,20241001,1540,6307,23,"0","0","0","64,286","0,19","12.209448","87.21034","2026-03-24 13:30:36.611",NULL,"y"
576,20241121,1382,6307,27,"0","0","0","625","0,19","1.0","752.1875","2026-03-24 13:30:36.611",NULL,"y"
577,20241121,1415,6307,28,"0","0","0","65,4","0,19","1.0","78.826","2026-03-24 13:30:36.611",NULL,"y"
578,20241108,1543,6307,29,"0","0","0","1250","0","null","1250","2026-03-24 13:30:36.611",NULL,"y"
579,20241114,1416,6307,28,"0","0","0","9000","0,19","1.0","10711","2026-03-24 13:30:36.611",NULL,"y"
580,20241209,1544,6307,30,"0","0","0","207,5","0,19","1.0","247.925","2026-03-24 13:30:36.611",NULL,"y"
581,20241205,1545,6307,30,"0","0","0","1335","0,19","1.0","1589.65","2026-03-24 13:30:36.611",NULL,"y"
582,20241205,1418,6307,31,"0","0","0","16095","0","null","16095","2026-03-24 13:30:36.611",NULL,"y"
583,20250106,1418,6307,40,"0","0","0","894","0","null","894","2026-03-24 13:30:36.611",NULL,"y"
584,20241206,1418,6307,32,"0","0","0","1800","0","null","1800","2026-03-24 13:30:36.611",NULL,"y"
585,20241206,1418,6307,33,"0","0","0","440","0","null","440","2026-03-24 13:30:36.611",NULL,"y"
586,20241225,1418,6307,34,"0","0","0","230","0","null","230","2026-03-24 13:30:36.611",NULL,"y"
587,20241231,1418,6307,35,"0","0","0","420","0","null","420","2026-03-24 13:30:36.611",NULL,"y"
588,20240301,1418,6307,36,"0","0","0","550","0","null","550","2026-03-24 13:30:36.611",NULL,"y"
589,20240308,1418,6307,37,"0","0","0","250","0","null","250","2026-03-24 13:30:36.611",NULL,"y"
590,20241225,1418,6307,4,"0","0","0","900","0","null","900","2026-03-24 13:30:36.611",NULL,"y"
591,20250106,1418,6307,38,"0","0","0","818","0","null","818","2026-03-24 13:30:36.611",NULL,"y"
592,20241231,1418,6307,36,"0","0","0","90","0","null","90","2026-03-24 13:30:36.611",NULL,"y"
593,20241115,1418,6307,20,"0","0","0","90","0","null","90","2026-03-24 13:30:36.611",NULL,"y"
594,20241001,1418,6307,39,"0","0","0","140","0","null","140","2026-03-24 13:30:36.611",NULL,"y"
595,20241101,1418,6307,39,"0","0","0","75","0","null","75","2026-03-24 13:30:36.611",NULL,"y"
596,20241001,1418,6307,40,"0","0","0","30","0","null","30","2026-03-24 13:30:36.611",NULL,"y"
597,20241231,1418,6307,41,"0","0","0","200","0","null","200","2026-03-24 13:30:36.611",NULL,"y"
598,20241231,1418,6307,42,"0","0","0","200","0","null","200","2026-03-24 13:30:36.611",NULL,"y"
599,20241231,1418,6307,43,"0","0","0","250","0","null","250","2026-03-24 13:30:36.611",NULL,"y"
600,20241202,1418,6307,44,"0","0","0","20","0","null","20","2026-03-24 13:30:36.611",NULL,"y"
601,20241231,1418,6307,45,"0","0","0","500","0","null","500","2026-03-24 13:30:36.611",NULL,"y"
602,20241231,1418,6307,46,"0","0","0","300","0","null","300","2026-03-24 13:30:36.611",NULL,"y"
603,20240326,1546,6307,14,"0","0","0","2626","0,19","1.0","3125.94","2026-03-24 13:30:36.611",NULL,"y"
604,20240501,1418,6307,47,"0","0","0","350","0","null","350","2026-03-24 13:30:36.611",NULL,"y"
605,20240401,1418,6307,31,"0","0","0","500","0","1.0","501","2026-03-24 13:30:36.611",NULL,"y"
606,20240501,1418,6307,27,"0","0","0","656,6","0,19","1.0","782.354","2026-03-24 13:30:36.611",NULL,"y"
607,20240701,1418,6307,17,"0","0","0","330","0,19","1.0","393.7","2026-03-24 13:30:36.611",NULL,"y"
608,20240610,1418,6307,27,"0","0","0","480","0,19","1.0","572.2","2026-03-24 13:30:36.611",NULL,"y"
609,20240301,1418,6307,48,"0","0","0","380","0,19","1.0","453.2","2026-03-24 13:30:36.611",NULL,"y"
610,20240201,1418,6307,49,"0","0","0","120","0","null","120","2026-03-24 13:30:36.611",NULL,"y"
611,20240301,1418,6307,50,"0","0","0","140","0","null","140","2026-03-24 13:30:36.611",NULL,"y"
612,20240325,1418,6307,51,"0","0","0","70","0","null","70","2026-03-24 13:30:36.611",NULL,"y"
613,20240301,1418,6307,52,"0","0","0","75","0","null","75","2026-03-24 13:30:36.613",NULL,"y"
614,20240401,1418,6307,53,"0","0","0","75","0","null","75","2026-03-24 13:30:36.613",NULL,"y"
615,20241223,1418,6307,28,"0","0","0","189","0,19","1.0","225.91","2026-03-24 13:30:36.613",NULL,"y"
616,-1,1418,6307,8,"0","0","0",NULL,"0","null",NULL,"2026-03-24 13:30:36.613",NULL,"y"
617,20240315,1418,6307,54,"0","0","0","100","0","null","100","2026-03-24 13:30:36.613",NULL,"y"
618,-1,1418,6307,9,"0","0","0",NULL,"0","0","5024.519","2026-03-24 13:30:36.667",NULL,"y"
619,-1,1418,6307,10,"0","0","0",NULL,"0","0","4721.75","2026-03-24 13:30:36.667",NULL,"y"
620,-1,1418,6307,11,"0","0","0",NULL,"0","0","9345.795","2026-03-24 13:30:36.667",NULL,"y"
621,-1,1418,6307,12,"0","0","0",NULL,"0","0","36249.8","2026-03-24 13:30:36.667",NULL,"y"
622,-1,1418,6307,13,"0","0","0",NULL,"0","0","762.0","2026-03-24 13:30:36.667",NULL,"y"
623,-1,1418,6307,14,"0","0","0",NULL,"0","0","4316.2","2026-03-24 13:30:36.667",NULL,"y"
624,-1,1418,6307,15,"0","0","0",NULL,"0","0","40138.0","2026-03-24 13:30:36.667",NULL,"y"
625,-1,1418,6307,16,"0","0","0",NULL,"0","0","22453.03","2026-03-24 13:30:36.667",NULL,"y"
626,-1,1418,6307,17,"0","0","0",NULL,"0","0","2130.0","2026-03-24 13:30:36.667",NULL,"y"
627,-1,1418,6307,18,"0","0","0",NULL,"0","0","950.0","2026-03-24 13:30:36.667",NULL,"y"
628,-1,1418,6307,19,"0","0","0",NULL,"0","0","1797.0","2026-03-24 13:30:36.667",NULL,"y"
629,-1,1418,6307,20,"0","0","0",NULL,"0","0","465.2","2026-03-24 13:30:36.667",NULL,"y"
630,-1,1418,6307,21,"0","0","0",NULL,"0","0","294.35","2026-03-24 13:30:36.667",NULL,"y"
631,-1,1418,6307,22,"0","0","0",NULL,"0","0","1500.476","2026-03-24 13:30:36.667",NULL,"y"
632,-1,1418,6307,23,"0","0","0",NULL,"0","0","743.7","2026-03-24 13:30:36.667",NULL,"y"
633,-1,1418,6307,24,"0","0","0",NULL,"0","0","678.87","2026-03-24 13:30:36.667",NULL,"y"
634,-1,1418,6307,25,"0","0","0",NULL,"0","0","1212.9","2026-03-24 13:30:36.667",NULL,"y"
635,-1,1418,6307,26,"0","0","0",NULL,"0","0","600.0","2026-03-24 13:30:36.667",NULL,"y"
636,-1,1418,6307,27,"0","0","0",NULL,"0","0","1761.6","2026-03-24 13:30:36.667",NULL,"y"
637,-1,1418,6307,28,"0","0","0",NULL,"0","0","9254.4","2026-03-24 13:30:36.667",NULL,"y"
638,-1,1418,6307,29,"0","0","0",NULL,"0","0","1250.0","2026-03-24 13:30:36.667",NULL,"y"
639,-1,1418,6307,30,"0","0","0",NULL,"0","0","1542.5","2026-03-24 13:30:36.667",NULL,"y"
640,-1,1418,6307,31,"0","0","0",NULL,"0","0","16595.0","2026-03-24 13:30:36.667",NULL,"y"
641,-1,1418,6307,32,"0","0","0",NULL,"0","0","1800.0","2026-03-24 13:30:36.667",NULL,"y"
642,-1,1418,6307,33,"0","0","0",NULL,"0","0","440.0","2026-03-24 13:30:36.667",NULL,"y"
643,-1,1418,6307,34,"0","0","0",NULL,"0","0","230.0","2026-03-24 13:30:36.667",NULL,"y"
644,-1,1418,6307,35,"0","0","0",NULL,"0","0","420.0","2026-03-24 13:30:36.667",NULL,"y"
645,-1,1418,6307,36,"0","0","0",NULL,"0","0","640.0","2026-03-24 13:30:36.667",NULL,"y"
646,-1,1418,6307,37,"0","0","0",NULL,"0","0","250.0","2026-03-24 13:30:36.667",NULL,"y"
647,-1,1418,6307,4,"0","0","0",NULL,"0","0","3000.0","2026-03-24 13:30:36.667",NULL,"y"
648,-1,1418,6307,39,"0","0","0",NULL,"0","0","215.0","2026-03-24 13:30:36.667",NULL,"y"
649,-1,1418,6307,40,"0","0","0",NULL,"0","0","4077.0","2026-03-24 13:30:36.667",NULL,"y"
650,-1,1418,6307,41,"0","0","0",NULL,"0","0","200.0","2026-03-24 13:30:36.667",NULL,"y"
651,-1,1418,6307,42,"0","0","0",NULL,"0","0","200.0","2026-03-24 13:30:36.667",NULL,"y"
652,-1,1418,6307,43,"0","0","0",NULL,"0","0","250.0","2026-03-24 13:30:36.667",NULL,"y"
653,-1,1418,6307,44,"0","0","0",NULL,"0","0","20.0","2026-03-24 13:30:36.667",NULL,"y"
654,-1,1418,6307,45,"0","0","0",NULL,"0","0","0.0","2026-03-24 13:30:36.667",NULL,"y"
655,-1,1418,6307,46,"0","0","0",NULL,"0","0","300.0","2026-03-24 13:30:36.667",NULL,"y"
656,-1,1418,6307,47,"0","0","0",NULL,"0","0","350.0","2026-03-24 13:30:36.667",NULL,"y"
657,-1,1418,6307,48,"0","0","0",NULL,"0","0","380.0","2026-03-24 13:30:36.667",NULL,"y"
658,-1,1418,6307,49,"0","0","0",NULL,"0","0","120.0","2026-03-24 13:30:36.667",NULL,"y"
659,-1,1418,6307,50,"0","0","0",NULL,"0","0","140.0","2026-03-24 13:30:36.667",NULL,"y"
660,-1,1418,6307,51,"0","0","0",NULL,"0","0","70.0","2026-03-24 13:30:36.667",NULL,"y"
661,-1,1418,6307,52,"0","0","0",NULL,"0","0","75.0","2026-03-24 13:30:36.667",NULL,"y"
662,-1,1418,6307,53,"0","0","0",NULL,"0","0","75.0","2026-03-24 13:30:36.667",NULL,"y"
663,-1,1418,6307,54,"0","0","0",NULL,"0","0","100.0","2026-03-24 13:30:36.667",NULL,"y"
664,-1,1418,6307,55,"0","0","0",NULL,"0","0","3450.0","2026-03-24 13:30:36.667",NULL,"y"
665,-1,1418,6307,56,"0","0","0",NULL,"0","0","1000.0","2026-03-24 13:30:36.667",NULL,"y"
666,-1,1418,6307,57,"0","0","0",NULL,"0","0","2350.0","2026-03-24 13:30:36.667",NULL,"y"
667,-1,1418,6307,58,"0","0","0",NULL,"0","0","35.294","2026-03-24 13:30:36.667",NULL,"y"
668,-1,1418,6307,59,"0","0","0",NULL,"0","0","1250.0","2026-03-24 13:30:36.667",NULL,"y"
669,-1,1418,6307,60,"0","0","0",NULL,"0","0","386.56","2026-03-24 13:30:36.667",NULL,"y"
670,-1,1418,6307,62,"0","0","0",NULL,"0","0","37.0","2026-03-24 13:30:36.667",NULL,"y"
671,-1,1418,6307,63,"0","0","0",NULL,"0","0","1948.0","2026-03-24 13:30:36.667",NULL,"y"
672,-1,1418,6307,64,"0","0","0",NULL,"0","0","150.0","2026-03-24 13:30:36.667",NULL,"y"
673,-1,1418,6307,65,"0","0","0",NULL,"0","0","2900.0","2026-03-24 13:30:36.667",NULL,"y"
674,-1,1418,6307,66,"0","0","0",NULL,"0","0","205.607","2026-03-24 13:30:36.667",NULL,"y"
675,-1,1418,6307,67,"0","0","0",NULL,"0","0","1967.265","2026-03-24 13:30:36.667",NULL,"y"
676,-1,1418,6307,68,"0","0","0",NULL,"0","0","144.0","2026-03-24 13:30:36.667",NULL,"y"
677,-1,1418,6307,69,"0","0","0",NULL,"0","0","1836.2","2026-03-24 13:30:36.667",NULL,"y"
678,-1,1418,6307,70,"0","0","0",NULL,"0","0","164.4","2026-03-24 13:30:36.667",NULL,"y"
679,-1,1418,6307,71,"0","0","0",NULL,"0","0","52.0","2026-03-24 13:30:36.667",NULL,"y"
680,-1,1418,6307,72,"0","0","0",NULL,"0","0","92.0","2026-03-24 13:30:36.667",NULL,"y"
681,-1,1418,6307,73,"0","0","0",NULL,"0","0","608.0","2026-03-24 13:30:36.667",NULL,"y"
682,-1,1418,6307,74,"0","0","0",NULL,"0","0","838.657","2026-03-24 13:30:36.667",NULL,"y"
683,-1,1418,6307,75,"0","0","0",NULL,"0","0","414.384","2026-03-24 13:30:36.667",NULL,"y"
684,-1,1418,6307,76,"0","0","0",NULL,"0","0","720.0","2026-03-24 13:30:36.667",NULL,"y"
685,-1,1418,6307,77,"0","0","0",NULL,"0","0","49.58","2026-03-24 13:30:36.667",NULL,"y"
686,-1,1418,6307,78,"0","0","0",NULL,"0","0","111.87","2026-03-24 13:30:36.667",NULL,"y"
687,-1,1418,6307,79,"0","0","0",NULL,"0","0","29.649","2026-03-24 13:30:36.667",NULL,"y"
688,-1,1418,6307,80,"0","0","0",NULL,"0","0","9.782","2026-03-24 13:30:36.667",NULL,"y"
689,-1,1418,6307,81,"0","0","0",NULL,"0","0","46.0","2026-03-24 13:30:36.667",NULL,"y"
690,-1,1418,6307,82,"0","0","0",NULL,"0","0","4660.51","2026-03-24 13:30:36.667",NULL,"y"
691,-1,1418,6307,83,"0","0","0",NULL,"0","0","1358.0","2026-03-24 13:30:36.667",NULL,"y"
692,-1,1418,6307,84,"0","0","0",NULL,"0","0","650.0","2026-03-24 13:30:36.667",NULL,"y"
693,-1,1418,6307,86,"0","0","0",NULL,"0","0","334.0","2026-03-24 13:30:36.667",NULL,"y"
694,-1,1418,6307,28,"0","0","0",NULL,"0","0","1351.0","2026-03-24 13:30:36.667",NULL,"y"
695,-1,1418,6307,87,"0","0","0",NULL,"0","0","418.8","2026-03-24 13:30:36.667",NULL,"y"
696,-1,1418,6307,88,"0","0","0",NULL,"0","0","10502.75","2026-03-24 13:30:36.667",NULL,"y"
697,-1,1418,6307,89,"0","0","0",NULL,"0","0","1080.0","2026-03-24 13:30:36.667",NULL,"y"
698,-1,1418,6307,7,"0","0","0",NULL,"0","0","2048.0","2026-03-24 13:30:36.667",NULL,"y"
699,-1,1418,6307,90,"0","0","0",NULL,"0","0","220338.4","2026-03-24 13:30:36.667",NULL,"y"
